id_registro,empresa,rubro,estrellas,comentario_limpio,etiqueta_modelo,confianza_modelo,cluster,sentimiento_v2,etiqueta_revisada,observacion_revision
2955,Plaza Vea,Retail,4,"Llegó la Navidad a Plaza Vea Miraflores, adornos para escoger y hoy probé las alitas broaster y lasagna, estaba rico 👍 hay un bonito ambiente para comer y microondas para calentar tu comida 👍…",positivo,0.4309000074863434,21.0,muy positivo,,
4713,Wong,Retail,5,SEÑORES DE GOOGLE EN WONG 2 DE MAYO NO HAY MODULO DE TELETICKET. BORRAR ESA INFORMACIÓN X FAVOR GRACIAS,negativo,0.3169000148773193,4.0,negativo,,
3159,Plaza Vea,Retail,5,"Tranquilo...no mucha gente,poquísima cola al pagar en caja ..👍👍👍👍👍…",neutral,0.4559000134468078,9.0,muy positivo,,
1359,Falabella,Retail,5,"Tienda por departamento con mucha variedad de productos. El primer y segundo piso es para damas; el tercero, para caballeros! y el cuarto, para el hogar y productos de tecnología.",positivo,0.4004999995231628,23.0,neutral,,
2819,Plaza Vea,Retail,4,"Este Local es chévere, sobre todo su menú de comida es más barato que otros supermercados, lo malo es que hay que pagar cochera.",neutral,0.454800009727478,6.0,positivo,,
3185,Plaza Vea,Retail,5,Siguieron atendiendo cuando más se los necesita,neutral,0.4156000018119812,6.0,positivo,,
3116,Plaza Vea,Retail,4,Buenas ofertas para navidad aprovechar la liquidación de juguetes. Aunque los de. Moda si están caros,neutral,0.4602000117301941,11.0,neutral,,
838,Entel,Telecomunicaciones,4,Sin espacio,negativo,0.4623999893665313,4.0,negativo,,
4071,Tottus,Retail,3,"Pasillos amplios, buena variedad, pero lo sentí desordenado y desabastecido en ciertas zonas. Deben buscar una manera de organizar los productos y no solo amontonarlos, pues hay tantos que uno no puede encontrar fácilmente lo que busca.",neutral,0.4941000044345855,4.0,negativo,,
1817,Metro,Retail,5,Fui a recoger un pedido que hice por web y muy rápido ahora la entrega con el QR.,positivo,0.4244999885559082,6.0,positivo,,
3949,Tottus,Retail,4,"Abierto desde las 8 am, gran variedad de productos, pero no hay muchas cajas atendiendo por si tienes prisa",positivo,0.4896999895572662,23.0,neutral,,
12,BBVA,Banca,2,Cierran a las 12 los sábados tomen sus precauciones,negativo,0.367900013923645,6.0,neutral,,
3978,Tottus,Retail,4,"Todo muy bonito la tienda, tiene todo para el hogar , solo tienen que enseñar a sus colaboradores de la sección de comidas a freír bien el plátano, hoy fui a desayunar y el plátano estaba crudo, por lo demás todo bien.",muy positivo,0.4864999949932098,6.0,positivo,,
4105,Tottus,Retail,4,"Lugar limpio, ordenado, muy espacioso buenos productos, pocas ofertas, buena atención de los colaboradores, recomendable para realizar sus compras.",muy positivo,0.4968000054359436,10.0,positivo,,
3099,Plaza Vea,Retail,4,"Un supermercado más. Recuerdo cuando era pequeña y no existían estos supermercados. Habían mercados y mi mamá iba todos los días a comprar lo que se necesitaba para el día. Llevaba su canasta hecha de paja pero era blanda con sus fuertes asas. Aún la tengo como gran recuerdo de esos años. Allí conocí a los caseritos que llamaban a mi mamá por su nombre. De repente, aparecieron estos supermercados, llenos de productos variados, con pagos con tarjetas de plástico, sin caseritos, sin yapas, con colas para pagar, con saludos mecánicos, sin toque humano. No puedo negar lo práctico que es comprar en supermercados como Plaza Vea u otro. Hay de todo, hasta electrodomésticos, colchones, ropa y comida hecha. Ah y las ofertas, muy convenientes, pero para quien? Ese es un misterio. Como se darán cuenta yo no frecuento estos supermercados porque soy muy feliz comprando en el mercado frente a mi casa. No voy todos los días con mi canasta tejida con paja, pero si con mi bolsa de tela y la conversación con mis caseritos es una bendición, algo inapreciable. Pago en efectivo, gano yapas siempre y pequeños grandes regalos por el día de la madre, el Día del maestro, por mi cumpleaños, navidad, etc. Si ustedes consideran ok yendo a supermercados como Plaza Vea está bien, yo prefiero a mis caseritos y sobre todo que la plata va directamente a peruanos que trabajan duro para salir adelante, así mi patria sale adelante y no las transnacionales.",negativo,0.4235999882221222,21.0,negativo,,
3572,Ripley,Retail,4,"Todo ordenado a pesar de las promociones, la atención también fue muy buena excepto dos señoritas por el área de pantalones.Solo una sugerencia ,la puerta de salida ahora es una pequeña y se tiene que hacer larga cola para retirarse del establecimiento ... no es seguro una puerta tan pequeña para tanta gente que está dentro de la tienda. No es seguro!",neutral,0.4736999869346618,9.0,positivo,,
181,BCP,Banca,5,Nariz,neutral,0.3355000019073486,6.0,neutral,,
4349,Wong,Retail,3,Va mejorando! Hoy si me apoyaron con las cosas y casi encontré todo!! Falto filete de pavo fresco.,muy positivo,0.3100000023841858,6.0,positivo,,
4084,Tottus,Retail,4,"Solo la cajera de la venta de artefactos eléctricos es muy antipática y se demora en atender al cliente, tanto esperar deje de comprar la olla arrocera marca Thomas de 1.8lt, tener personas con tino y buen trato, gracias por solicitar mi opinión.",muy positivo,0.2919999957084656,20.0,negativo,,
3180,Plaza Vea,Retail,5,Últimas compritas 🌲🥳🙌🏻…,negativo,0.4878000020980835,6.0,muy positivo,,
4640,Wong,Retail,5,"La comida preparada como los chicharrones y sus tamales son A1, exquisitos y mejor que en cualquier Chicharroneria de Surquillo y la gran variedad de pan y fruta hacen de Wong la mejor opción de Súper de barrio si vives x la zona de Miraflores",positivo,0.4884999990463257,23.0,muy positivo,,
3731,Ripley,Retail,5,"Encuentras de todo y para toda la familia, en estos días hay una oferta con los vales que se entregaron durante los meses anteriores, por cada 100 soles de compra, puedes obtener hasta 50 soles de descuento en las marcas indicadas en los paneles informativos que están en todas las áreas donde se venden los diversos productos, cabe indicar que está oferta solo es entre el 26 y 31 de diciembre del 2022, lo que si, las colas son largas para cancelar pero hay cajas rápidas de autoservicio, el descuento solo es en vestimenta, calzado, ropa interior, decoración. Hay que aprovechar las ofertas que muchas veces son con cualquier medio de pago, no necesariamente con la tarjeta Ripley, otra novedad es que no cobran estacionamiento como en otros centros comerciales, la entrada es por la avenida universitaria, antes de la curva llegando a la Av la Marina.",muy positivo,0.4751999974250793,6.0,neutral,,
2189,Movistar,Telecomunicaciones,3,Me sorprendió la celeridad de la atención y la solución de mi consulta en minutos. Ya no existe la aglomeración y el mal humor del personal. Tal es así que decidí migrar de operador hacía Movistar.,neutral,0.3592999875545501,4.0,muy positivo,,
810,Entel,Telecomunicaciones,1,No recomendable,negativo,0.3698000013828277,4.0,muy negativo,,
4664,Wong,Retail,2,"Las veces que he ido siempre hay cola, y la atención demora mucho, la cola que no haces en el evento, lo haces en teleticket. El sistema de compra por Internet debe mejorar ya que si bien lo compras por Internet igual tienes que ir a un punto de teleticket para recoger o imprimir las entradas. Hay muchas cosas que mejorar o innovar.",negativo,0.4717000126838684,9.0,negativo,,
3792,Ripley,Retail,5,"Todo lo que es ropa deportiva y zapatillas, hay bastante variedad",muy positivo,0.3770999908447265,23.0,positivo,,
2659,Oechsle,Retail,3,"De ofertas muy poco en realidad, los productos rebajados son muy pocos. Lo cierto es que aplican cierta táctica de marketing en que suben el precio y a ese precio elevado le hacen la rebaja, resultado sigue costando lo mismo.",negativo,0.4735000133514404,6.0,negativo,,
4641,Wong,Retail,5,"Super amplio y con mucha variedad, además de gran ofertas",muy positivo,0.474700003862381,23.0,positivo,,
2177,Movistar,Telecomunicaciones,2,"Servicio lento, pero funciona, no esperes un buen servicio",neutral,0.4657999873161316,20.0,negativo,,
25,BBVA,Banca,1,La verdad la persona q me atendió fue lo más déspota y lo único q quería era q me fuera...ni .más voy,negativo,0.4690999984741211,4.0,muy negativo,,
353,BanBif,Banca,4,Sede Principal Del Banco Interamericano de Finanzas o mas bien conocido como BANBIF ubicado en la Avenida Rivera Navarrete en el distrito de San Isidro. Este edificio se distingue del resto al tener una forma de planta en cruz y un enchapado de color plateado que resalta sobre todas las demás edificaciones de la zona. La atención del personal es muy buena como en las demás sedes de este banco.,positivo,0.4882000088691711,6.0,muy positivo,,
4585,Wong,Retail,5,"Hay buenas tortas, mousse, postres en general, panaderia, tienen cajas autoservicio para que uno mismo scanee sus productos y los pague con tarjeta de crédito. La cajera que me atendió fue amable y me trajo otro POS porque mi tarjeta no pasaba en los que utilizan normalmente.",positivo,0.4796999990940094,6.0,positivo,,
2577,Oechsle,Retail,5,Un retail donde se encuentra las mejores marcas de ropa,positivo,0.3890999853610992,6.0,positivo,,
2337,Movistar,Telecomunicaciones,5,Recomendable ir dia de semana y por la mañana....,neutral,0.444599986076355,6.0,positivo,,
576,Claro,Telecomunicaciones,3,Bien para comprar una tarjeta prepago (hay diferentes bonos de días y gigas) para utilizar durante nuestro viaje a Perú.,positivo,0.4183000028133392,6.0,positivo,,
4355,Wong,Retail,3,"Buenos dias su atención , en sus tiendas y clasificación de sus productos esta aceptable no bajen la guardia con el control de higuiene en el protocolo del MNSA gracias",positivo,0.4492000043392181,4.0,neutral,,
404,Claro,Telecomunicaciones,1,Hoy solicite claro Hogar Deja do mis datos y un par de horas después recibo un mensaje de wow! Cuando solo había preguntado por claro! Por favor no filtren información o fiscalicen mejor a sus trabajadores!,negativo,0.4871000051498413,4.0,muy negativo,,
3822,Scotiabank,Banca,1,"NO ABRAS AQUI UNA CUENTA EN EUROS, ANDA AL INTERBANK, ahí abrieron La cuenta en 15 min cuando en el Scotiabank me pidieron abrir primero una cuenta en soles otra en dólares y después de 6 meses recién podía darles mis euros. Como si fuera un premio para mí el poder abrir finalmente la cuenta en EUR.",negativo,0.4731000065803528,4.0,muy negativo,,
1972,Movistar,Telecomunicaciones,1,"El local está cerrado e inoperante, acabo de estar ahí y a las 10:30 am, viernes (dentro de su rango de atención) y se ve abandonado. Pueden ver el letrero de SE VENDE en 7na de las fotos aquí subidas.",muy negativo,0.4627000093460083,6.0,muy negativo,,
717,Claro,Telecomunicaciones,4,Atienden también año nuevo?,negativo,0.4347999989986419,4.0,neutral,,
1906,Metro,Retail,5,"Muy amplio, fui a recoger mi compra por Internet. Atención rápida. Esta vez hicimos compras para la parrilla. Esta vez si compré en tienda. No había lo que busque, pero encontré buena oferta en alimento para mis gatitas: 5.50 paté Felix si compras 2 y la bolsa de 9 kgs. de Ricocat esterilizado a 91 y compré un poco de ropa barata, para el diario (pantalones de buzo)",positivo,0.4578000009059906,6.0,positivo,,
2789,Plaza Vea,Retail,3,"Quiza uno de los mejores Plaza Vea, solo se puese acceder entrando al centro comercial. Tiene una buena coleccion de vinos.",positivo,0.4993999898433685,1.0,muy positivo,,
1487,Falabella,Retail,4,Hay de todo. Tiene lugares para comprar y comer los vestidores son muy lejos y pocos para un lugar tan grande,neutral,0.4952000081539154,6.0,neutral,,
2906,Plaza Vea,Retail,5,Yo compro mis viveres y fruta para mi semana,neutral,0.4627000093460083,6.0,neutral,,
2079,Movistar,Telecomunicaciones,5,"Fui en la tarde y estaba casi vacío, me atendieron muy amablemente y me dieron solución.",positivo,0.4900000095367431,6.0,positivo,,
1956,Metro,Retail,5,Un super mercados con todo lo necesario para el hogar y está al costado del grifo Resol y al otro costado Cinemark en una Av. Muy importante q es la marina,neutral,0.4749000072479248,6.0,neutral,,
3883,Scotiabank,Banca,2,No funciona el servicio telefónico del banco.,negativo,0.4332999885082245,4.0,negativo,,
4727,Wong,Retail,5,"Tienen una muy amplia variedad de productos: Panadería, carnes, congelados, frutas y verduras, embutidos, lácteos, menestras, osas para el hogar, electrodomésticos, juguetes y productos de limpieza. Brindan una buena atención, pero por lo general las cajas siempre están llenas, pero si lleva 10 artículos o menos puede pasar a caja rápida o al autoservicio.",positivo,0.4334000051021576,23.0,positivo,,
778,Claro,Telecomunicaciones,3,Fui a Metro para hacer unas compras y no a Claro específicamente.,neutral,0.4442000091075897,4.0,neutral,,
2910,Plaza Vea,Retail,1,"Los productos tienen precios diferente en las góndolas y la caja , muy desorganizado y cuando pagas no te dan opción a revisar si realmente el producto coincide con el precio que uno vio , y sucede en casi todos los locales.",negativo,0.4638000130653381,4.0,negativo,,
2390,Movistar,Telecomunicaciones,1,Cola para asesores y reclamos A tener buen ánimo porque la espera es larga.,neutral,0.4293000102043152,9.0,negativo,,
3679,Ripley,Retail,3,Muy caro y no me gustó nada,muy negativo,0.4652000069618225,4.0,muy negativo,,
4519,Wong,Retail,3,"Tiene variedad de marcas sin embargo los precios no son los más bajos. Ideal para ir con pocas personas pues no es muy grande. Cuenta con parqueo y servicio de taxi a las afueras del establecimiento. Sus helados artesanales son ricos. Los baños son pequeños, tampoco hay muchas cajas. Podría mejorar.",neutral,0.4720999896526336,6.0,neutral,,
891,Entel,Telecomunicaciones,1,"No hay lugar donde estacionar, la municipalidad de San Isidro está con hambre , queriando levantar autos, atentos ,la municipalidad de San Isidro se levanta los autos están hambrientos",negativo,0.4781000018119812,8.0,negativo,,
4412,Wong,Retail,4,"Buen local, amplio , buenos productos, amplia cochera, buen trato, muy bueno, recomendado",positivo,0.4866999983787536,20.0,muy positivo,,
2915,Plaza Vea,Retail,1,"No entiendo como un plaza vea abre a las 8am en Miraflores Se supone que uno va a comprar la fruta, el pan, el agua para la casa de los niños a primera hora de la mañana 7:am",negativo,0.4774999916553497,21.0,negativo,,
3507,Ripley,Retail,5,EXCELENTE LUGAR PARA LIGAR HACER AMIGOS NUEVOS TENER PAREJA CONOCER A PERSONAS MARAVILLOSAS,negativo,0.4007000029087066,22.0,muy positivo,,
775,Claro,Telecomunicaciones,2,No me gusta mucha publicidad y spam en mensajes es un acoso su servicio,negativo,0.44200000166893,4.0,negativo,,
4353,Wong,Retail,3,"Esta tienda de Wong, es moderadamente en tamaño. Sin embargo está bien equipada. Hay variedad, claro que sería ideal que sea más espaciosa. Pero algo que me gusta mucho y valoro es el trato al cliente.",positivo,0.4577000141143799,6.0,positivo,,
4601,Wong,Retail,5,"La atención fue muy rápida, me gustó",muy positivo,0.4656000137329101,19.0,positivo,,
441,Claro,Telecomunicaciones,4,Saben si ahy stock del Samsung s3 ??,negativo,0.4745000004768371,4.0,neutral,,
3609,Ripley,Retail,5,Variedad de cosas para adquirir,neutral,0.4562000036239624,23.0,neutral,,
1827,Metro,Retail,1,Son las 8:20 AM y Western Unión está cerrado,negativo,0.3943000137805938,6.0,negativo,,
3374,Ripley,Retail,1,"El distanciamiento y los aforos si bien se aplican en lo reglamentario desde mi ver es preferible hacer las compras en línea y evitar la compra presencial, es al fin y al cabo un lugar cerrado sin ventilación natural dónde los más descontrolados al interior de la tienda son los padres con niños que no soportan las condiciones de protección Covid 19",muy negativo,0.4939999878406524,6.0,negativo,,
3425,Ripley,Retail,4,"Solo fui a comprar un perfume que no encontré pero compré otra marca, no demoré en realizar mi compra y la atención fue buena, me orientaron donde encontrar los productos. Sugerencia no descuidar las medidas de bioseguridad.",positivo,0.448199987411499,4.0,positivo,,
4517,Wong,Retail,3,"El supermercado cuenta con cosas básicas de alimentos, bebidas. Si estas pensando en comprar electrodomésticos en este local encontrarás algunos tv, no es recomendable ir para eso. Entregan bolsas de papel pero no tienen asas, no tenían de plástico. Tomen sus precauciones.",positivo,0.4487999975681305,4.0,negativo,,
2567,Oechsle,Retail,4,Se pueden encontrar con buenas ofertas que pasan desapercibidas por la mayoría ya que este local no es muy transitado.,neutral,0.4726999998092651,11.0,positivo,,
1580,Interbank,Banca,5,Cómo todo banco,positivo,0.4562000036239624,4.0,negativo,,
4461,Wong,Retail,5,"Muy limpio y ordenado, me gusta mucho su organización y su distribución",positivo,0.4961999952793121,10.0,muy positivo,,
2021,Movistar,Telecomunicaciones,2,Hacen esperar mucho tiempo para la atencion ... Hasta para hacer una consulta hay que hacer cola ... Deberia de haber una chica asi como hay en el bcp que te pregunta que operación desea realizar y te indica. Mejorar,negativo,0.4751000106334686,9.0,negativo,,
2695,Oechsle,Retail,4,Ha mejorado sus precios con respecto a su competencia directa saga y Ripley. Recomiendo ir a coger la ofertas.,positivo,0.440200001001358,6.0,muy positivo,,
1785,Metro,Retail,5,"El metro de Breña es una tienda bastante amplia y se encuentra en la intersección de la Av Alfonso Ugarte con Av Venezuela, Cercado de Lima. Aquí se encuentra una variedad de productos alimenticios a precios razonables, aparatos electrodomésticos, electrónicos, colchones, PC, laptops, impresoras, etc. Atiende de 7.30 am a 10.00 pm. Es fácil de llegar pues está cerca de Av Bolivia, Washington, Wilson, etc. El ingreso es con doble mascarilla y se cumplen medidas de seguridad.",positivo,0.4824000000953674,6.0,neutral,,
500,Claro,Telecomunicaciones,1,En esta tienda no hay personal para una atención adecuada en tiempos. Calcula unas 2 horas de espera si quieres hacer alguna operación acá.,neutral,0.4277999997138977,4.0,muy negativo,,
3927,Tottus,Retail,3,"Si bien es cierto que en este centro comercial se esfuerzan en cumplir con los protocolos de bioseguridad... Existe aglomeración de gente en los pasillos, por la necesidad de encontrar los productos de primera necesidad... Evitar acudir en compañía de niños.",neutral,0.4460000097751617,1.0,negativo,,
1438,Falabella,Retail,1,"Mi descontento en este patio de comida es con kentucky. Recomiendo que al comprar cuenten bien las piezas de pollo. A mi me dieron 3 menos. Y por lo que pude apreciar en el lugar, a otra persona también.",neutral,0.3817000091075897,6.0,negativo,,
940,Entel,Telecomunicaciones,3,"La atención suele ser rápida, aunque los sistemas que manejan llegan a ralentizar al usuario. Hay buenos equipos en exhibición, al alcance del cliente, la caja de pago es rápida. Puede decirse que el cliente sale satisfecho incluso si no llega a adquirir equipo alguno. Puntos en contra que no haya estacionamiento exclusivo para clientes tanto en auto y moto, inconcebible para estar ubicado en el corazón financiero de Lima.",negativo,0.4334999918937683,4.0,positivo,,
3102,Plaza Vea,Retail,4,"Hay casi de todo y a buen precio,. Está bien distribuido. Desde comida perecible, conservas, ropa, artefactos eléctricos, perfumería, menaje. Muy variado. Para mi su único punto en contra es que esta en el sótano. Si vas con carro, sales directo a la playa de estacionamiento e inclusive te sellan el ticket, pero sin carro, es más complicado.",neutral,0.4433000087738037,20.0,positivo,,
4320,Tottus,Retail,5,"Yo he realizado compras por Internet y super bueno el despacho, me siento bien comprando de esa forma. De paso que visitó el kfc que está dentro jiji",positivo,0.4975999891757965,6.0,muy positivo,,
3826,Scotiabank,Banca,1,Cajero multiservicios malogrado,neutral,0.4612999856472015,4.0,muy negativo,,
461,Claro,Telecomunicaciones,4,Me atendieron rápido por ser preferencial.. Me ayudaron con lo que solicité,positivo,0.4535999894142151,6.0,muy positivo,,
3445,Ripley,Retail,4,"Agradable visitarlos y variedad en sus precios, pero poco personal ò estaban en otras funciones ò no estaban en su puesto. Observé personal de polo morado en grupos cuando no se debe ya que hay una distancia reglamentaria de distancia que es de 1.50 metros. Después lo demás bien.",positivo,0.4235000014305115,4.0,neutral,,
860,Entel,Telecomunicaciones,5,Central entel peru,neutral,0.4936999976634979,6.0,neutral,,
4101,Tottus,Retail,4,Me encanta ir a este lugar es grande variado seguro tranquilo encuentras de todo sus precios son accesibles y sus verduras se conservan muy bien al pasar los días buena calidad.. solo que deberían de poner más cajas es bien grande el local y sobrado pueden habilitar más cajas con el distanciamiento apropiado y evitar las colas largas para ingresar,muy positivo,0.4528000056743622,6.0,muy positivo,,
4435,Wong,Retail,5,"Es un Wong higienico, la atención es buena, al frente hay un Cineplanet, solía comprar comics de Marvel en tapa dura en 2017 aquí. Al lado hay un kiosko con variedad de productos.",neutral,0.4650000035762787,23.0,positivo,,
3264,Plaza Vea,Retail,4,"Lugar ordenado, el único detalle. Cochera 5 soles. Si consumes 10 soles, te dan media hora, si consumes 50, te dan 1 hora, si vas al entretenimiento de niños y no consumes en plaza vea, tendrás que pagar 5 soles la hora.",neutral,0.4805000126361847,21.0,neutral,,
4075,Tottus,Retail,3,"asi como el brillo de felicidad y satisfacción de una mujer habla bien de un esposo, el estado emocional de los colaboradores transmite lo mismo a los compradores, la gente mas educada cubre con cortesía los temblores internos.",negativo,0.4690999984741211,6.0,positivo,,
1593,Interbank,Banca,1,Solo necesito saber el número de ruta (ROUTING number) de mi cuenta. Necesito esto para poder enviar dinero de USA a mi cuenta y sin este # no pueden hacerlo. Es un número de 9 dígitos.,negativo,0.4726000130176544,4.0,neutral,,
4645,Wong,Retail,5,"Aunque no muy espacioso, este súpermercado tiene una gran variedad de productos y marcas, especialmente en el segundo piso, donde están los vinos y los fiambres.",positivo,0.4896000027656555,23.0,positivo,,
2942,Plaza Vea,Retail,3,"Lugar cómodo y seguro para comprar. Oportunidad de mejora, la zona de alimentos por peso tiene comidas básicas y mal preparadas, el arroz se ve recalentado y la ensalada por ejemplo me tocó con un sabor extraño, como para no volver a usar ese servicio",neutral,0.4539999961853027,6.0,negativo,,
1585,Interbank,Banca,1,"largas colas, ambientes sucios",negativo,0.4781999886035919,6.0,negativo,,
1098,Entel,Telecomunicaciones,5,Un problema que me estaba tomando más tiempo del necesario me fue resuelto en 10 minutos. Personal competente y solícito.,muy positivo,0.4419000148773193,4.0,positivo,,
3923,Tottus,Retail,3,"Tiene un outlet de saga grande, es un gran espacio el Sodimac tiene casi todo tiene estacionamiento amplio pero fin de semana es un gran lío hay demasiada gente y los cajeros de la tienda Tottus no se abastecen muchos incluso no saben ni como guiar a la gente hacer sus colas, cuando ya están cerca a caja les dice que solo atenderán preferencial.",negativo,0.4785000085830688,9.0,negativo,,
1310,Falabella,Retail,4,"Hoy entre a las 11 de la mañana en punto, los trabajadores se pusieron en dos filas a los costados y se pusieron a aplaudir al ritmo de una canción muy linda cuando pasabamos, fue un momento agradable. Hay productos variados y bastantes estantes de perfumes.",positivo,0.4970000088214874,6.0,muy positivo,,
3818,Scotiabank,Banca,1,Comisiones inmensas.,negativo,0.4419000148773193,6.0,negativo,,
216,BCP,Banca,5,De lujo,neutral,0.3953000009059906,6.0,muy positivo,,
2058,Movistar,Telecomunicaciones,4,"Si me gusto la atención, no había mucha gente para realizar mi pago de mi internet y tlf Fijo, recomendado para pagar.",neutral,0.4158999919891357,9.0,muy positivo,,
3719,Ripley,Retail,4,"Generalmente es bueno. Se necesitaría mejor señalización para tanto las cajas como para los productos que se encuentren en otros pisos. Adicionalmente, algunas zonas no cuentan con ayuda inmediata (entiendo que hay otras zonas que necesiten más soporte) lo cual dificulta un poco la consulta o compra de productos.",negativo,0.4661000072956085,6.0,positivo,,
4280,Tottus,Retail,5,"De todo y gente muy cordial. Un punto en contra no tiene tolerancia en el cobro de estacionamiento. No había lo que fui a buscar, estuve 10 minutos y tuve que pagar tarifa completa.",positivo,0.3122000098228454,4.0,neutral,,
4606,Wong,Retail,5,"Tienen todo tipo de productos, desde cubiertos tazas y ollas pasando por electrodomesticos hasta productos importados y amplia variedad de vinos y fiambres. Jamones ahumados, etc",positivo,0.4386999905109405,23.0,neutral,,
1069,Entel,Telecomunicaciones,3,"Fui a cancelar mi móvil, pero es pésimo su servicio de telefonía qué ofrece, por eso me cambié a otro operario, No lo recomiendo, gracias",negativo,0.4287999868392944,7.0,muy negativo,,
1306,Falabella,Retail,3,El banco está cerrado por remodelaciones y nunca avisaron 😤…,negativo,0.4562000036239624,6.0,negativo,,
1796,Metro,Retail,5,El KFC nuevo y el Starbucks le ha dado el real toque,neutral,0.4178000092506408,6.0,positivo,,
1411,Falabella,Retail,5,"Me gusta mucho la ropa de saga, es algo que extraño mucho de Lima.",neutral,0.477400004863739,24.0,muy positivo,,
3877,Scotiabank,Banca,1,lenta atención,negativo,0.3867000043392181,19.0,negativo,,
2514,Oechsle,Retail,3,"Hay diversidad de prendas, zapatillas, camisas, etc, y muchas veces a buenos precios. El problema es que los vendedores no se disponen a ayudarte, o al menos la gran mayoría. Esto es muy importante porque muchos clientes se van por esta atención tan deficiente.",neutral,0.4672999978065491,15.0,negativo,,
1728,Metro,Retail,4,"Se puede comprar con tranquilidad. Hay ocasiones en que las cajeras de preferencial, no hacen respetar la cola, y no toman en cuenta el objetivo como tal.",negativo,0.4706999957561493,4.0,neutral,,
3565,Ripley,Retail,4,Buen lugar solo que cuando hay mucha gente para pagar si bien atienden hasta que todos puedan llevar sus productos. El tema de administrar la cola es lo que ocasionó largas esperas. Sobre el precio son buenos a veces encuentras buenas ofertas y con los cupones que cada cierto tiempo ofrecen va bien.,neutral,0.4596999883651733,9.0,positivo,,
3707,Ripley,Retail,4,"Precios altos, y ropa aún más alta (soy chato)",neutral,0.4275999963283539,6.0,negativo,,
2498,Oechsle,Retail,2,ponen en venta barata licuadoras que ya no tiene marca thomas,neutral,0.444599986076355,4.0,negativo,,
3928,Tottus,Retail,3,Hay estacionamiento. Es gratuito las tres primeras horas. Cumplen con todos los protocolos de bioseguridad. Está muy surtido y debe ser el Tottus que tiene más personal para atención al público. Encontré todo lo que quería. Incluidas mascarillas quirúrgicas. Me costaron 50 unidades por 21 soles y monedas. Volvería para seguir comprando.,muy positivo,0.4763999879360199,6.0,muy positivo,,
1940,Metro,Retail,5,Se encuentra de todo en cuestión de alimentos,neutral,0.4287999868392944,6.0,neutral,,
4502,Wong,Retail,2,"Tiene precios que no respetan en sus etiquetas en mi caso fue de un chocolate decia 1.99. Cuando fuí a caja el precio era 3.99. Ante mi consulta ante la cajera me dijo que no habia el chocolate de 1.99 ,aunque el chocolate que saque estaba en el lugar de la etiqueta 1.99. Ademas la atencion de la señorita fue fria, no saludo ni agradeció por las compras que hice. Recomendacion una capacitacion urgente a las señoritas de caja sobre la adecuada atencion al publico. Gracias.",negativo,0.4090000092983246,4.0,muy negativo,,
2652,Oechsle,Retail,2,"Lamentablemente el personal que trabaja en plaza norte No es amable al parecer están cansados y sin ganas de atender ,un poco más y te dicen ya vete ... sobre todo las cajeras . Respecto a la ropa Oeshle presenta cosas agradables y en ocasiones hay ofertas buenísimas.",neutral,0.4724999964237213,4.0,negativo,,
2005,Movistar,Telecomunicaciones,1,No fue muy agradable,negativo,0.4347999989986419,6.0,negativo,,
4295,Tottus,Retail,5,"Me gusta la seguridad que están tomando respetan las medidas del distanciamiento tienen alcohol en gel y sistemas de limpieza que te ayudan a estar desinfectado todo el tiempo, se tiene que llegar temprano porque si hay una cola extensa a medida que avanza el tiempo",positivo,0.4654000103473663,9.0,positivo,,
4708,Wong,Retail,4,"Me encanta, es distinto a los demás, me parece más aestethic y más orden, tienen atención al cliente de calidad",positivo,0.489300012588501,6.0,muy positivo,,
2826,Plaza Vea,Retail,4,"Todo bien el único problema es que los baños están en un segundo piso del local, para personas que como yo, subir escaleras es problemático, por problemas de articulación, es mejor ir al baño antes de hacer las compras, en los baños del jockey del primer piso, después haz tus compras con libertad, todo bueno y muy actualizado en productos",muy positivo,0.478300005197525,6.0,positivo,,
4334,Tottus,Retail,5,"Un enorme supermercado ubicado en una de las avenidas importantes de Lima, allí uno encuentra todo lo necesario para la despensa del hogar al mismo tiempo está Sodimac donde encuentras herramientas y una cantidad de artículos para el hogar, si deseas pasar un rato entretenido un día domingo puedes visitar ambos lugares e incluso almorzar en sus alrededores.",muy positivo,0.4192999899387359,6.0,positivo,,
3644,Ripley,Retail,5,"En el corazón de Miraflores, siempre es grato, buenos y diferentes modelos de ropa👌…",positivo,0.4860999882221222,6.0,positivo,,
480,Claro,Telecomunicaciones,5,"Es medio desordenado la ubicación, pero hay muchas tiendas donde seguro entras lo q buscas",neutral,0.490200012922287,6.0,neutral,,
4358,Wong,Retail,3,"La cadena Wong, sin duda, es la que brinda por largo el mejor servicio. Sin embargo, el diferencial de precios comparado con los otros súper mercados me parece excesivo. En particular en los de primera necesidad.",neutral,0.3371999859809875,6.0,neutral,,
2645,Oechsle,Retail,1,El vendedor de ventiladores estaba cansado y no queria trabajar o tenia algo raro q no atendia y la chica era una chica q solo queria vender sus ventiladores mas caros y no te tomaba importancia a los q queriamos mas informes de cada modelo de ventilador algo elitista la palabra correcta,negativo,0.4930999875068664,4.0,negativo,,
4241,Tottus,Retail,4,Tienda bastante amplia y con una amplia gama de productos de toda índole lo cual te permite socorrer cualquier necesidad inmediata. Los espacios y ventilación por las dimensiones del área dan la confianza de estar sin apremios ante las circunstancias que vivimos de la pandemia ello te permite una libertad no habida en otros recintos.,positivo,0.4542999863624573,6.0,muy positivo,,
2787,Plaza Vea,Retail,3,"Buen super... después de años, desde que la cochera era primera planta y las tiendas de autos hacia Javier Prado. Lo malo las cajas del área de comida tipo buffet apertura tarde.",positivo,0.4948000013828277,6.0,positivo,,
1171,Falabella,Retail,3,Muy poca variedad de productos a comparación de otras sucursales (Mall del sur por ejemplo),negativo,0.4131999909877777,23.0,negativo,,
1637,Interbank,Banca,4,Poca cola en las mañanas,positivo,0.4966999888420105,9.0,positivo,,
1782,Metro,Retail,5,"Es un lugar muy cómodo playa de estacionamiento amplio seguridad de ingreso y salida. Productos de 1era y precios de infarto. Servicios higiénicos. Cajeros, comida preparada para llevar. Etc",positivo,0.4991999864578247,6.0,muy positivo,,
1083,Entel,Telecomunicaciones,4,Estuve buscando nuevos equipos digitales,neutral,0.3598000109195709,6.0,neutral,,
4452,Wong,Retail,5,"Puedes efectuar mis pagos,de Movistar,y mis compras feliz",muy positivo,0.3828999996185303,6.0,positivo,,
4671,Wong,Retail,3,"Atención y personal muy atentos, pero falta cierta organización en cuanto a los códigos de producto. El producto que nos interesaba, tuvimos que dejarlo porque no encontraban la numeración y tomaba mucho tiempo. Sin embargo, con el resto de compras no hubo problemas.",negativo,0.378600001335144,4.0,neutral,,
948,Entel,Telecomunicaciones,4,"La atención es organizada y rápida. Los orientadores te ofrecen alternativas interesantes, bien explicadas. Silo se permita el ingreso de hasta 2 personas, si no quieres esperar afuera.",positivo,0.4774999916553497,4.0,muy positivo,,
2020,Movistar,Telecomunicaciones,2,"Desorganizado, desordenado un suplicio",negativo,0.4799999892711639,6.0,muy negativo,,
1661,Interbank,Banca,1,Un año para que te atiendan en plataforma,neutral,0.3718999922275543,4.0,muy negativo,,
4224,Tottus,Retail,4,"BUENOS PRECIOS, Y PRODUCTOS ATENCIÓN ADECUADA Y LOS PROTOCOLOS DE SEGURIDAD OKEY LA ATENCIÓN DE LOS EMPLEADOS ES SUPER GENTIL ., ENCUENTRAS TODO LO QUE DESEAS A BUENOS PRECIOS ME ENCANTA IR CON MIS HIJOS",negativo,0.3555000126361847,15.0,muy positivo,,
1148,Falabella,Retail,2,Pongo está calificación xq el 22 de noviembre hice una compra de un Smart tv XIAOMI y al poco tiempo lo devuelvo a saga falabella y me dijeron q pasaría a revisión la tv está bien en todo sentido sin embargo ellos tienen el aparato pero te pasean para devolver el dinero así q mucho cuidado con la tienda falabella de MEGAPLAZA no hay confianza,muy negativo,0.4909000098705292,4.0,muy negativo,,
447,Claro,Telecomunicaciones,4,"Por cuestión de pandemia, necesitas llegar un poco más temprano, razón las largas colas y lentas....😑😑…",negativo,0.4814999997615814,6.0,negativo,,
2545,Oechsle,Retail,4,Buena atención pero creo q no están respetando el protocolo de bioseguridad por la cantidad de personas dentro de la tienda,positivo,0.4763000011444092,3.0,neutral,,
3149,Plaza Vea,Retail,5,"Tiene rampa eléctrica, escalera y ascensor para tener cualquier modalidad de ingreso. Variedad de productos y económicos. Tiene buena distribución. Ah dentro de la tienda pero a un lado se encuentra un mini patio de comidas para que coman algún piqueo. Se llena más en la noche.",neutral,0.492000013589859,23.0,positivo,,
2322,Movistar,Telecomunicaciones,4,"Me atendió Katty Lao del modulo 6. Muy buena atención, siempre dispuesta a solucionar mis dudas con amabilidad. Lo mismo del joven Derek que ve los equipos y del joven que es seguridad. Sin embargo, en la caja la atención deja mucho que desear.",muy positivo,0.4614000022411346,3.0,neutral,,
4159,Tottus,Retail,5,"Si están tomando las precauciones debidas, me sentí muy segura y respecto al producto, fui por ropa para mi bebé pero no había mucha variedad :/",positivo,0.4460000097751617,4.0,neutral,,
1540,Falabella,Retail,5,"Comprando para la casa de playa 🤪 colchones, cubrecamas, sábanas, buenas ofertas 👌…",positivo,0.4785999953746795,11.0,muy positivo,,
695,Claro,Telecomunicaciones,3,El cliente debe estar de pie durante todo el tiempo que es atendido.,positivo,0.3978999853134155,4.0,negativo,,
2534,Oechsle,Retail,4,"Ordenado, limpio, sin tanta gente como en la competencia, pero le falta mayor variedad de productos.",neutral,0.4699999988079071,10.0,neutral,,
4407,Wong,Retail,4,"Es el Wong de siempre en el que te encuentras con tus amigos y vecinos. Por ese lado, bien. Por otro, no tiene ni la mitad de productos y marcas que sí tiene la competencia que está a cien metros. Por otro lado, bien es verdad que hay cosas que solo encuentro en Wong (cada vez menos) y eso se sigue agradeciendo. Este Wong no tiene punto de comparación con el de Camacho., que está muy bien surtido.",neutral,0.4471000134944916,6.0,neutral,,
1599,Interbank,Banca,1,"La peor tienda de Interbank, lo mejor es si pueden evitarla e ir a otra.",negativo,0.4447999894618988,6.0,muy negativo,,
3968,Tottus,Retail,4,"Me encanta cuando quiero ir a comprar algo determinado. Sé que lo encontrare allí. Para hacer mis compras rápidas y sin demora es perfecto. Aunque nunca podré olvidar cuando fui con mi niña q tenía 5 o 6 años, para hacer unos pagos a Claro, y solo voltie un momento para ver mi cola y Zas! Desapareció. Se me salió el alma. Para luego de verla subir por las escaleras del patio de comida, que dice se fue a ver si estaba abierto el Coney. Desde allí la lleve pegada a mi y le enseñé donde me tiene que esperar si nos separamos.",muy positivo,0.3434000015258789,6.0,positivo,,
3599,Ripley,Retail,4,Precios razonables y ropa normal. Si buscas asesoramiento o preguntar es difícil porque no encuentras a los empleados,neutral,0.4494999945163727,6.0,negativo,,
90,BBVA,Banca,5,"Este es el segundo edificio más grande de Lima Perú mide 137 metros de altura, un lugar como para tomar imágenes de los rascacielos de Lima. Espero lo conozcan.",neutral,0.3519000113010406,6.0,neutral,,
1894,Metro,Retail,4,Consumo mínimo 50 soles para no pagar estacionamiento...el sábado fui con mi esposa al restaurante a almorzar y consumí 40 soles y tuve que gasta 10 soles más...total el almuerzo me salio 50 soles. Ya no iré otra vez a ni ser que para uso del comedor se acepten mínimo 2 menús de consumo y 60 minutos máximo.,negativo,0.4972000122070312,4.0,muy negativo,,
232,BCP,Banca,3,No responden los telefonos.Tengo muchos dias i inintentandolo,negativo,0.4749999940395355,4.0,negativo,,
50,BBVA,Banca,3,UN BANCO MÁS,negativo,0.3508000075817108,6.0,neutral,,
1989,Movistar,Telecomunicaciones,1,"Capacitar en ""atención efectiva al cliente"", y más criterio para orientar en los servicios a las personas de la tercera edad.",neutral,0.395000010728836,4.0,neutral,,
1587,Interbank,Banca,1,Son muy lentos atendiendo,negativo,0.4934000074863434,6.0,negativo,,
1000,Entel,Telecomunicaciones,5,"Muy amables, buena atención, eficientes y rápidos",muy positivo,0.4964999854564667,16.0,muy positivo,,
1756,Metro,Retail,4,Las colas son demasiado largas pero fuera de eso es muy limpio y ordenado al igual que la atención en caja,neutral,0.4988999962806701,10.0,neutral,,
3054,Plaza Vea,Retail,5,"Hay tres súper mercados cerca, wong, tottus y vea... Vea me queda mas cerca, sin embargo voy a tottus, porque han habilitado unas casitas para dejar a tu perro, ...permite q lo lleves a pasear, te espera seguro y haces tus compras! Realmente es una facilidad importante. Vea podría tomarlo en cuenta",neutral,0.4948000013828277,21.0,neutral,,
1714,Metro,Retail,4,La mayoría de las veces hay mucha cola para pagar hasta en la caja de 5 productos. Y por otro lado siempre revisen su boleta ya que hay discrepancia entre lo que llevas y lo que facturan por lo demás todo bien !,neutral,0.4767999947071075,9.0,neutral,,
2517,Oechsle,Retail,3,"Es una tienda por departamentos que cuenta con secciones de ropa para niños, jóvenes y adultos de varones y mujeres; además se puede encontrar electrodomésticos, línea blanca, artículos electrónicos, menaje, muebles, artículos deportivos, juguetes y equipos de cómputo.",neutral,0.4812999963760376,6.0,neutral,,
4161,Tottus,Retail,5,Es una locura. Es uno de los más grandes. Si estás buscando conseguir lo que acostumbras aquí no cabe la menor duda de que lo vas a conseguir.,muy positivo,0.4216000139713287,6.0,muy positivo,,
3730,Ripley,Retail,5,"Tienda por departamento donde se encuentra de todo como prendas de vestir, calzado, línea blanca, artículos para el hogar., etc de grandes marcas.",neutral,0.4167999923229217,6.0,neutral,,
2442,Movistar,Telecomunicaciones,3,La cola se hace en el exterior. El tiempo de espera depende de cuántos asistentes haya y de la velocidad de atención. Tienes que ir con mucha paciencia,negativo,0.4767000079154968,9.0,neutral,,
1995,Movistar,Telecomunicaciones,1,falta comodidad para ña atencion al publico,negativo,0.48539999127388,0.0,negativo,,
3435,Ripley,Retail,4,Consigues lo q quisieras o casi todo depende la demanda. El ambiente resulta poco cálido por lo transcurrido que es pero bueno lo visita bastante gente.,neutral,0.4535000026226043,9.0,neutral,,
4289,Tottus,Retail,5,"Siempre tiene buenas ofertas,el otro día busque una laptop en varias tiendas y en su página encontré una a un buen precio, la ropa es de buena calidad. De paso están los bancos y las demás tiendas. El parqueo es amplio para dejar el vehículo.",positivo,0.4952000081539154,11.0,positivo,,
374,Claro,Telecomunicaciones,1,"Completamente cerrado, siendo 10:30am",neutral,0.4878000020980835,6.0,negativo,,
2587,Oechsle,Retail,5,"Buenos precios, les falta más marcas reconocidas",neutral,0.3648000061511993,15.0,neutral,,
714,Claro,Telecomunicaciones,4,Atención rápida de preferencia venir alas 9.50 am y esperar ala apertura del centro comercial para evitar largas colas después de l medio día su afluencia aumenta,neutral,0.4375999867916107,1.0,positivo,,
1178,Falabella,Retail,4,"Encuentro novedades bastante atractivas e interesantes, en esta ocasión, para el cuidado de la piel, que es muy importante para cualquier edad y género. Lo difícil es decidir..... Ya que a veces una se emiciona y se puede exceder en el presupuesto",muy positivo,0.3370999991893768,6.0,neutral,,
2392,Movistar,Telecomunicaciones,1,"Buena servicio, pero no te ayudan a solucionar ningún problema. Si tan solo hubieran más empresas de telefonía e internet que Claro y Movistar sin dudarlo me cambiaría.",muy positivo,0.3635999858379364,4.0,negativo,,
3518,Ripley,Retail,1,"El baño de mujeres siempre huele a orines, es viejo, descuidado y oscuro. Quizá lo hacen a propósito para que no lo usen.",negativo,0.4271000027656555,4.0,muy negativo,,
1618,Interbank,Banca,5,Siempre pensando en los clientes ...20 de nota,positivo,0.4287000000476837,6.0,muy positivo,,
2462,Movistar,Telecomunicaciones,4,Fui a comprar un chip por suerte no espere mucho. No había cola y me atendieron muy rápido,positivo,0.3962999880313873,9.0,positivo,,
4339,Tottus,Retail,5,"Cuanta con diversos productos, el personal super amables",neutral,0.3935999870300293,16.0,positivo,,
4556,Wong,Retail,5,"Esta sede del supermercado Wong se encuentra en el segundo piso del Balta Shopping Mall, es un espacio realmente grande que además cuenta con dos niveles donde podrás encontrar una gran variedad de productos frescos y de calidad. Por las noches las cajas suelen llenarse y hay cola pero la atención es rápida y eso hace que avancen ágilmente.",positivo,0.4794999957084656,23.0,positivo,,
3803,Ripley,Retail,5,"Muy buena atención, bastante variedad en modelos y marcas de ropa, y excelente funcionamiento del área de ""objetos perdidos"". Perdí mi peluche, y lo fui a buscar al día siguiente.",positivo,0.488099992275238,3.0,muy positivo,,
2812,Plaza Vea,Retail,4,Deberian instalar una tienda en la Avda. La Encalada (surco) pues solo tnemos Vivanda si bien queda en la Encalada esta pegada a la Avda. Primavera y todos los que vivimos por esta zona se nos hace pesado el ir al Jockey. Gracias por atender mi sugerencia.,neutral,0.3955999910831451,6.0,neutral,,
2651,Oechsle,Retail,2,"Más de lo mismo, no hay ofertas no hay novedades",negativo,0.4393999874591827,4.0,negativo,,
771,Claro,Telecomunicaciones,1,En servicio mal te tratan mal ademas que los planes mas caros q otros lugares 1 estrella,negativo,0.4812000095844269,4.0,muy negativo,,
2904,Plaza Vea,Retail,5,"Excelente lugar ,buenos precios",positivo,0.488099992275238,22.0,muy positivo,,
3389,Ripley,Retail,1,"Tienda por departamentos, solo son interesantes las ofertas, aunque en esos casos el stock es pobre. Muy desordenada la mercadería, personal casi indiferente. Colas en caja para pagar, sistema muy lento. Por atender pagos de cuotas de tarjeta se ralentiza la compra. Debe haber cajero dedicado a atender pagos de cuotas.",muy negativo,0.4724000096321106,6.0,muy negativo,,
939,Entel,Telecomunicaciones,3,"Se demoraron un poco, parecía que la chica recién comenzaba y no sabía varios procesos. Pero igual su atención buena y amable.",positivo,0.447299987077713,4.0,neutral,,
1808,Metro,Retail,5,Buen lugar para realizar su compras,muy positivo,0.4921999871730804,14.0,positivo,,
1455,Falabella,Retail,3,"Es muy difícil para entrar allí si eres discapacitado, pues hay son escaleras mecánicas de una de las entradas y si requieres solocitar una silla no dejan que las presten, asi que para que vaya un descapacitado es difícil para su movilización.",negativo,0.4298999905586242,4.0,negativo,,
2448,Movistar,Telecomunicaciones,3,"En esta tienda de Movistar dan atención a solo cuando es venta.. Ahí te atienden bien, pero cuando es un reclamo o asesoría x ejemplo manejo de un celular nunca atienden, te derivan a una chica virtual x whapsath.. Creo NO debieran hacer diferencia, por más simple sea una asesoría debe ser bien atendida por tanto personal que hay en esta tienda. Seria genial si complementan esos detalles.",negativo,0.4061999917030334,4.0,negativo,,
1087,Entel,Telecomunicaciones,4,Me e cambiado a entel y estoy probando su servicio.ya veremos,neutral,0.4413000047206878,4.0,neutral,,
1621,Interbank,Banca,5,"Taquillas de paso del banco interbank ubicados dentro del automercado Vivanda de la esquina de alcanfores con Benavides, en la que puedes hacer tus operaciones financieras de manera fácil y rápida, con una muy buena atención por parte de su personal, y con la comodidad de un horario extendido, ya que laboran con el horario del supermercado, y también trabajan sábados domingos y feriados",muy positivo,0.4720000028610229,3.0,muy positivo,,
1745,Metro,Retail,4,Como todas la tiendas de esta cadena tiene a venta variedad de productos en su amplio y espacioso local. Tiene venta en los rubros de viveres..panaderia..ropa..electrodomesticos..juguetes...libreria. Hay gran afluencia de gente tanto dentro del local como en el exterior del mismo. Siempre en este tipo de locales el gran problema es la atención en las cajas que resultan pocas y demoran por las colas que se forman.,positivo,0.4316999912261963,23.0,negativo,,
3460,Ripley,Retail,4,"Me gustan las ofertas que tienen siempre y en particular esta sede siempre tiene buenos productos. A diferencia de otras sedes, esta es más grande y hay mayor variedad. Los productos que están cerca a las cajas tienen descuentos increíbles. La zona de juguetería es bastante amplia y la ropa genial en hombres y mujeres. Lo único malo son las colas, por lo general son relativamente largas, debería haber más zonas de cajas y evitar estos pequeños inconvenientes.",positivo,0.4650000035762787,23.0,positivo,,
4242,Tottus,Retail,4,"Muy limpio y ordenado, algunos productos no tienen precio, es incomodo. Además, las colas también son un poco desordenadas, soy gestante y tuve que hacer una cola normal.",neutral,0.4984000027179718,10.0,neutral,,
3905,Tottus,Retail,2,"Un lugar grande, quizás lo que puedo destacar mas ahi es la comodidad de su patio de comidas. Tuve una mala experiencia en Quality Products, te entregan productos que no son los mismos que te ofrecen - antes de pagar revisar dos veces.",positivo,0.3540000021457672,4.0,neutral,,
2705,Oechsle,Retail,5,"Muy sorprendido, fui a devolver unas zapatillas y me devolvieron el efectivo, me dijeron que devolvían en el mismo medio de pago que se había efectuado. Aunque servicio al cliente demoró me pareció buena atención",positivo,0.4571000039577484,3.0,positivo,,
4253,Tottus,Retail,4,"Antes del mediodía es hermoso y tranquilo, puedes escoger en paz, recorrer los pasillos y pagar en menos de 10minutos (incluído hacer cola). Luego, prepárense para que todo esté full a pesar de lo enorme que es el local. Tomen sus precauciones o vayan con mucha paciencia!!!",positivo,0.4832000136375427,9.0,neutral,,
451,Claro,Telecomunicaciones,4,Un lugar accesible donde encuentras de todo,muy positivo,0.498199999332428,6.0,neutral,,
4523,Wong,Retail,4,Las tiendas Wong siempre se destacaron por la calidad de sus productos pero sobre todo por la excelencia de su servicio al cliente. Todo su personal estaba entrenado en una cultura de servicio. Ya no es lo mismo.,positivo,0.4665000140666961,4.0,negativo,,
850,Entel,Telecomunicaciones,5,A veces hay cola,neutral,0.4316000044345855,9.0,neutral,,
2729,Oechsle,Retail,5,"Me encanta ahora que lo han ampliado , más espacio mayor iluminación, genial por qué los pasillos cabe perfectamente el carro de mi bebé y puedo ver sin complicaciones",positivo,0.4851000010967254,6.0,muy positivo,,
2208,Movistar,Telecomunicaciones,4,"La atención es eficiente/regular en velocidad, a ciertas horas de la tarde y la mañana hay colas, pero no tan grandes los días de semana y recuerden si van a ir a algún centro de atención de telefonía movistar, lleven doble mascarilla, una señora tuvo problemas para entrar por llevar una mascarilla y protector facial, al parecer el protector no cuenta como una, tener eso en cuenta, gracias:)",neutral,0.4361000061035156,4.0,neutral,,
3293,Plaza Vea,Retail,4,"Problemas en la caja preferencial. 1 sola caja y otros problemas que requerían de una supervisora para solucionar, demorando mucho en aparecer. Asi como hay 2 ó 3 cajeras debe haber en la preferencial. Muchas madres y personas mayores que se han tenido que ir a hacer cola en las otras cajas. Una madre con 2 niños tuvo problemas por ir a las cajas rápidas .de todas maneras fue atendida. Por lo demas bien, sobre todo con el personal al que se le pide ayuda que estan por ahí acomodando las mercaderías, muy bien por esas personas.",negativo,0.4120000004768371,4.0,neutral,,
1555,Falabella,Retail,5,"Fui a la zona de entrega de compras online y me atendieron al toque y sólo tuve que dar mi dni para recoger, no es necesario imprimir nada.",neutral,0.4742999970912933,4.0,positivo,,
713,Claro,Telecomunicaciones,4,Un lugar de atencion donde hay mucha cola,neutral,0.481000006198883,0.0,negativo,,
2555,Oechsle,Retail,4,"Buenos precios, pero falta un poco más de compromiso en la atención de los muchachos. Quizá un poco más de motivación por parte de la empresa.",negativo,0.3971999883651733,15.0,neutral,,
3802,Ripley,Retail,5,"En lugar me parece estrecho pero es comprensible debido a que tiene mucha variedad de productos en sus exhibiciones. Fuí a recoger un pedido hecho en línea, subí al 4to piso, me registré y entregaron el paquete sin ninguna demora.",positivo,0.4038000106811523,23.0,positivo,,
721,Claro,Telecomunicaciones,5,"Atención excelente, amable y de confianza",positivo,0.4832000136375427,17.0,muy positivo,,
1866,Metro,Retail,4,"Flying squirrel, un motivo más para visitar metro San Miguel .... desestresante y alegre",positivo,0.4255000054836273,8.0,muy positivo,,
702,Claro,Telecomunicaciones,4,La atención es buena y cordial. Aunque se debe ser paciente porque todo cambió tras la pandemia la atención y el aforo se redujo hasta un 60% sin temor a equivocarme,positivo,0.4972000122070312,4.0,positivo,,
677,Claro,Telecomunicaciones,2,"Respécto a la atención en servicio técnico, es deficiente y no dan un diagnóstico cierto.",muy negativo,0.4927999973297119,4.0,negativo,,
4481,Wong,Retail,5,"Me encanta la atención al cliente, donde comprar es un placer 😄 suelo comprar por Internet pero a veces me gusta ir a pasear y comprar algunos panes para preparar mis bocaditos ya que tienen petipanes etc…",positivo,0.4620999991893768,6.0,muy positivo,,
3763,Ripley,Retail,5,Muy buen centro comercial para comprar todo tipo de cosas para el hogar y ropa de moda.,muy positivo,0.486299991607666,1.0,positivo,,
1301,Falabella,Retail,3,"Tiendo por departamento en corazon de Miraflores con fácil acceso. No es muy grande y no hay tanta variedad de productos como en Saga de Jockey. Igual pueden encontrar variedad de marcas en ropa, calzado, aceesorios, decoracion de casa, cocina, etc. La atención depende de cada persona: unos más atentos, otros un poco distraídos.",positivo,0.4095999896526336,23.0,neutral,,
3738,Ripley,Retail,5,Amo Ripley me encanta siempre todo muy juvenil pero esta vez me llamó la atención que no hubiera variedad de polos y chompas bueno si había pero todo de marcas no había pues para el público de status medio eso sí totalmente una variedad Infinita de Jens y modelos y precios,positivo,0.3966000080108642,4.0,positivo,,
4360,Wong,Retail,3,La sección mariscos es muy limitado. El estacionamiento es problemático. No hay suficiente espacios. El acceso a la tienda también es muy difícil debido a las calles angostas. No tiene parking adecuado. No tienes cafetería o café dónde picar algo. Tampoco tienen un Dunkin donuts o un MacDonalds o similar. Es muy limitado.,muy negativo,0.4025000035762787,6.0,negativo,,
3118,Plaza Vea,Retail,4,Un supermercado amplio donde puedes encontrar de todo. Atienden con todos los protocolos exigidos. Además de contar con un sótano de dos niveles para dejar tu auto sin ningún problema. Está ubicado en Av. Javier Prado dentro de la Rambla. No hay colas porque la atención es rápida.,positivo,0.4695000052452087,6.0,positivo,,
711,Claro,Telecomunicaciones,4,"Tienen para ventas todas las marcas de celulares, y teléfono fijo, tenía problemas con mi celular y amablemente me atendieron, me parece muy bien.",positivo,0.4760000109672546,6.0,positivo,,
927,Entel,Telecomunicaciones,2,"¿Qué pasa con el personal? Totalmente apáticos, sin ganas de atender, no te guían cómo continuar las gestiones de tu servicio, etc. La atención es muy básica, casi como si te estuvieran haciendo un favor. ¿serán los efectos de la recesión?",muy negativo,0.4851000010967254,4.0,muy negativo,,
2210,Movistar,Telecomunicaciones,4,Centro de atención de Movistar para Moviles migraciones de otro operador renovación de equipos como también atencion para pagos y afiliacion oara paquetes de Duos internet y telefonía fijan y tiros que es cable internet y telefonía fija puedes ver tu estado de cuenta y pagos pendientes y refinanciaciones de deudas impagas. Te atienden moderadamente rápido.,positivo,0.4763999879360199,4.0,neutral,,
781,Claro,Telecomunicaciones,3,Bueno es para comprar celulares chic y pagos de la linea claro,positivo,0.4507000148296356,6.0,positivo,,
1672,Metro,Retail,1,Largas colas en la caja incluso fuera de hora punta. Literal un dia de semana solo hay 3 cajas en toda la tienda. Los orecios son mas caros que Plaza vea.,negativo,0.4666999876499176,21.0,negativo,,
1489,Falabella,Retail,4,La atención para retiro on line fue rápida,positivo,0.3971000015735626,5.0,positivo,,
2202,Movistar,Telecomunicaciones,3,"Atención rápida!! Sin embargo fui testigo unos comentarios de burla y risas hacia un cliente por su forma de hablar, entre el personal de atención en los módulos de renovación. Jalón de orejas para todos!!",negativo,0.400299996137619,5.0,muy negativo,,
162,BCP,Banca,1,"LES LLAMO DURANTE 1 HORA Y NI ASI CONTESTAN, BASURAS",negativo,0.4129000008106231,4.0,muy negativo,,
2465,Movistar,Telecomunicaciones,4,"Perdí el celular, me atendieron rápido, no siempre los vendedores saben orientarte así que hay que hacer preguntas muy puntuales",negativo,0.4668000042438507,4.0,neutral,,
141,BCP,Banca,2,Si vas a ventanilla del banco lleva una silla un periódico o un celular y una sombrilla porque vas a esperar a fuera por lo menos de media a una hora para ingresar,neutral,0.4966000020503998,4.0,negativo,,
591,Claro,Telecomunicaciones,4,"Atención cercana, resolvieron mis dudas , el único problema serían las colas para el ticket de atención ya que en algunos momentos se hacen eternas. Un punto a mejorar es que solo hay una ventanilla baja para atención preferencial , y está no cuenta con silla ,solo una segunda repisa agregada al formato de repisa general de los módulos .",neutral,0.4323999881744385,4.0,positivo,,
821,Entel,Telecomunicaciones,3,No ha cambiado en años,neutral,0.488099992275238,4.0,negativo,,
3613,Ripley,Retail,5,"Replay, es una tienda por departamento ubicada en los distintos distritos o municipios de Lima, puedes encontrar perfumería, ropa deportiva, de damas, caballeros, de niños, jugueterías, lencería de verdad entrar a esta tienda, es lo máximo aparte ofrece su tarjeta Replay con ella puedes obtener descuentos, lo único que no me agrada es que si eres extranjeros y tienes documentos en regla buen empleo de igual manera te excluyen y no te brinda la tarjeta, eso es exclusión en mi caso me pasó tengo 5 años aquí ya con tarjetas de crédito de otras entidades financieras, empleo y no me la otorgaron desde que llegué siempre he comprado aquí, ha Sido lo único malo que me ha sucedido del resto, puedes encontrar lo que necesites...gracias.",neutral,0.3088999986648559,6.0,neutral,,
597,Claro,Telecomunicaciones,4,"Llegue cerca a laa 13:00 para un desbloqueo de patron de mi celular. Recibi un tiquet de atencion, aunque no hay nada que indique que lo indique, y espere unos 12 minutos. El local es amplio y fresco, el personal es atento, ¿sera por estar en Miraflores?. A pesar del amplio local y altas paredes no hay publicidad de los equipos que pueden ofrecer en su pagina web, si abunda la publicidad de app's y promociobes de sus partners o clientes.",neutral,0.4785999953746795,4.0,positivo,,
2458,Movistar,Telecomunicaciones,4,"Tienes que ir con bastante tiempo disponible ya que la atención es muy lenta por el aforo permitido por la pandemia. Atienden en horario corrido hasta las 10 de la noche, pero no te recomiendo ir tan tarde porque los agentes se van yendo y la lentitud es mayor. Sin mencionar que la cola afuera crece más. Así que anda temprano en la mañana.",negativo,0.4851999878883362,19.0,negativo,,
2613,Oechsle,Retail,5,Nuevo sistema de cobro de los productos en venta muy agil y amigable.,neutral,0.4338000118732452,6.0,muy positivo,,
2780,Plaza Vea,Retail,3,"Sigue estando con el mismo ambiente desde hace 10 años, el local no se ha actualizado en casi nada durante todo este tiempo. Ya no cuentan con banco dentro, las salidas siguen iguales y bajaron protocolos. El sistema de distribución sigue siendo el mismo, estando desordenado y algo sucio el ambiente. Los precios son los generales. Te dejan llevar los carritos por todo el jockey, si es que lo necesitas. Cajas operativas y ahí tiene un punto fuerte.",neutral,0.4050000011920929,4.0,negativo,,
1457,Falabella,Retail,3,"Una variedad muy amplia de productos, mejoraron la circulación de los clientes distribuyendo los pasillos de mejor forma. Las cajas estuvieron fluidas; sin embargo los aforos considerando la restricción de clientes no llevaba registro y por ende no se diferenció si estábamos con aforo restringido o en una campaña de día del padre. Fue un posible foco de contagios, más aún que en las cajas las distancias no eran celosamente cuidadas por el personal de Saga. Un punto a mejorar.",negativo,0.4280999898910522,4.0,neutral,,
2455,Movistar,Telecomunicaciones,4,"La atención fue buena, pero aún estoy esperando me solucionen mi problema",neutral,0.3754000067710876,4.0,negativo,,
2944,Plaza Vea,Retail,3,"Limpio, ordenado, surtido, buenos precios; aunque muchas veces faltan canastas, y el control de seguridad que tienen en la entrada y salida es más que exagerado, pues estoy seguro que la mayor cantidad de asistentes somos clientes, y ser tratado de esa manera de impedir entrar con mochilas o bolsas al área de compras, es poco saludable.",positivo,0.4544000029563904,10.0,neutral,,
481,Claro,Telecomunicaciones,5,Probablemente ell centro de atención más veloz de Lima oeste,neutral,0.397599995136261,1.0,muy positivo,,
153,BCP,Banca,1,Dicen que te van a comunicar y te dejan esperando eternamente. Así cumplen con hacer realidad tus planes.,negativo,0.3544999957084656,4.0,muy negativo,,
1733,Metro,Retail,4,"Fui después de mucho tiempo y fue una buena experiencia, sólo tendrían que mejorar un poco cómo se ""distribuyen"" o acomodan las personas que esperan servicio en el espacio que vendría a ser el supermercado en sí y el estacionamiento, a veces las personas se acumulan en espacios pequeños y no dejan pasar.",negativo,0.4519999921321869,4.0,positivo,,
696,Claro,Telecomunicaciones,3,"Congestionadisimo, pero de alguna manera su personal es amable",neutral,0.4900000095367431,4.0,neutral,,
636,Claro,Telecomunicaciones,1,"Largas colas, con poco personal",negativo,0.4647000133991241,6.0,negativo,,
4223,Tottus,Retail,3,"El local es bastante grande, pero un poco mal diseñado, hay 20 tiendas más dentro de tottus, no sé si el “centro comercial” es Open o Tottus, un desorden total; encontrar los baños se convierte en una búsqueda del tesoro, si tienes suerte lo encontrarás, no hay autoservicio.",negativo,0.4090999960899353,1.0,negativo,,
3886,Scotiabank,Banca,4,"La agencia es pequeña y al parecer los días sábados hay mucha gente que no puede ir durante la semana. La atención en plataforma me parece buena. Sin embargo, mientras que la fila de las personas de ventanilla avanzaba rápido, la espera para atención en plataforma parecía infinita aún cuando no habían tantas personas como en la otra fila.",negativo,0.4744000136852264,9.0,negativo,,
383,Claro,Telecomunicaciones,1,"Tengan cuidado ,hoy mi hijo activo su iPhone salió del jockey y en el paradero le robaron con arma ,,sabían que llevaba un iPhone,creo que fue dato",negativo,0.4638999998569488,6.0,muy negativo,,
1545,Falabella,Retail,5,Atención A 1 super recomendable para ir con la familia cuenta con patio de comidad,neutral,0.4693999886512756,6.0,muy positivo,,
3678,Ripley,Retail,3,Cobro de estacionamiento y la ropa a bajado su calidad,positivo,0.3578999936580658,6.0,negativo,,
2046,Movistar,Telecomunicaciones,3,Fácil acceso pero debe mejorar su sistema de atención al publico,positivo,0.4593999981880188,4.0,neutral,,
722,Claro,Telecomunicaciones,5,Fue buena la atención pero demoramos más de lo que imaginamos,negativo,0.4885999858379364,3.0,positivo,,
3856,Scotiabank,Banca,5,Scotiabank larco Miraflores,neutral,0.4128000140190124,6.0,neutral,,
193,BCP,Banca,5,Moderno,neutral,0.3282999992370605,6.0,positivo,,
1077,Entel,Telecomunicaciones,4,El tiempo de espera para la atención es largo,negativo,0.4776000082492828,9.0,negativo,,
568,Claro,Telecomunicaciones,3,"En esta oportunidad e imagino q por el horario, me atendieron rápido, fui a confultar por un reclamo puesto en diciembre y me doy con la sorpresa q fue anulado el mismo así que generaron una solicitud por el sistema para dar solución (espero), resaltar al sr Marcelo Benítez P., acesor de servicio q fue cordial, atento y dentro de lo posible rápido con la atencion",positivo,0.3867999911308288,4.0,positivo,,
2319,Movistar,Telecomunicaciones,3,"Las personas que atienden son amables, pero considero que hay mucha gente que va, por lo que, demora la atención en el sentido de la espera.",negativo,0.4363000094890594,9.0,negativo,,
3133,Plaza Vea,Retail,4,"Bien ubicado, muchas tiendas dentro y alrededores, casi todos los bancos cerca. Muy agradable para salir de compras o simplemente pasear un poco e ir por un café, un helado o algo de comer; tal vez de compras al supermercado o al cine. Cuenta con dos pisos, escaleras eléctricas en los ingresos laterales y dos ascensores en la parte central. Tiene tres ingresos. Los fines de semana existen ofertas y una pequeña feria de productos artesanales.",positivo,0.4876999855041504,6.0,neutral,,
501,Claro,Telecomunicaciones,1,Fui a cambiar 3 líneas preparo a post pago y hasta la fecha no hacen la variación pese a que firme todos los contratos y llame por teléfono igual no atendieron.,negativo,0.4771000146865845,4.0,negativo,,
3884,Scotiabank,Banca,3,Depende de la gente que le toca a la sede,neutral,0.4147999882698059,9.0,neutral,,
1669,Metro,Retail,1,"I.E Teresa Gonzáles de Fanning,muy bonito ,hoy hubo la Juramentación de policías escolares .",neutral,0.4162999987602234,6.0,positivo,,
811,Entel,Telecomunicaciones,1,Puros franeleros,neutral,0.4842000007629394,6.0,muy negativo,,
4156,Tottus,Retail,5,"Si lo visite ,por el pago de mi tarjeta de Saga y aproveché en hacer compras . Parecía que era interminable la cola para ingresar , pero no ! Se hacían los controles y cumplía los protocolos de bio seguridad. La señalitica en el piso .. Mi recomendación..lleva tu lista . No perderás tiempo .",negativo,0.4810999929904938,9.0,positivo,,
3728,Ripley,Retail,5,"Fuimos a comprar colchón para nuestro hijo. Compramos uno de Paraíso. Fui a comprar pantalones. Había buenos precios. Vine a comprar unas blusas y polos para mi esposa. Hay bonitas coas, pero varias me parecieron carolinas. No se vean de especial caliidad En general, hay gran variedad de tiendas y de patio de comidas. Hay los clásicos del fast food (KFC, Pizza Hut, etc) así como restaurantes (sofá café, etc.) Y sangucherias (La Lucha, etc.)",positivo,0.4882999956607818,6.0,neutral,,
56,BBVA,Banca,4,Penúltimo día de AFP Horizon,negativo,0.4436999857425689,6.0,neutral,,
2872,Plaza Vea,Retail,5,ENCONTRE LA CAFETERAS Y EL MOLINERO QUE MAS BUSCABA EXCELENTE QUÉ HERMOSAS ESTAN,negativo,0.3406000137329101,6.0,muy positivo,,
2191,Movistar,Telecomunicaciones,3,"En este lugar se forman largas colas, debido a la pandemia las colas cada vez son más largas y la gente suele esperar aproximadamente 1 hora hasta que lo puedan atender. Algo que destacar es que en esa zona no ofrecen internet por fibra óptica aunque su oficina se encuentre ahí.",neutral,0.4532000124454498,9.0,negativo,,
1472,Falabella,Retail,4,"Falabella San Isidro de por sí siempre ha sido buen punto para comprar entre todos de la misma marca, el recojo de pedido en línea, fue rapidísimo.",positivo,0.4476000070571899,20.0,positivo,,
4688,Wong,Retail,4,"Bien completo. Ideal por si estás por la zona con una mochila pesada, te la cuidan mientras compras. Por el momento, evitar la publicista de Andean Liquors.",positivo,0.482699990272522,6.0,positivo,,
949,Entel,Telecomunicaciones,4,"Saqué mi cita por la app y con eso pude entrar más rápido, pero aún así se demoraron en llamarme. Después de eso, la atención fue muy rápida.",neutral,0.4772000014781952,4.0,positivo,,
3729,Ripley,Retail,5,Habia poca gente,negativo,0.3549000024795532,9.0,neutral,,
4108,Tottus,Retail,4,"La tienda más grande de la cadena, con la mayor variedad de productos y marcas con referencia a otras similares. Fácil ingreso a pie y si vas con auto el estacionamiento está bastante cerca. Buena y limpia zona de comidas. Todo se ve bien ordenado y abastecido.",muy positivo,0.4932000041007995,23.0,muy positivo,,
3554,Ripley,Retail,3,Deberían mejorar los baños. Deja mucho que desear.,negativo,0.4113999903202057,4.0,negativo,,
376,Claro,Telecomunicaciones,1,No hay centro de atención en el jockey,negativo,0.4582000076770782,1.0,negativo,,
2938,Plaza Vea,Retail,3,"es un lugar accesible agradable sin embargo hay algunos empleados que lejos de orientar, quizás sea porque algunos son nuevos o tal vez por la inexperiencia de poder dar al cliente lo que debidamente le corresponde señalar en forma precisa, acudí a comprar libros de corefo pero dicen que solamente existe en algunas tiendas de plaza vea",negativo,0.4964999854564667,21.0,negativo,,
2196,Movistar,Telecomunicaciones,3,"No me desinfectaron con alcohol al momento de ingresar, solo me tomaron la temperatura y habian dos tapetes para limpiarse los pies, sin embargo en cada módulo de atencion hay un frasco de alcohol en gel el cual puedes usar para desinfectarte. Llegué casi a las 5 y había cola para entrar, espere 20 minutos y pude entrar. Dentro espere 5 minutos a que me llamen. Mi tramite fue relativamente sencillo y me tomo 10 minutos, pero habian un par de personas mayores quejandose por las demoras. Siempre el mismo problema: por telefono te dicen una cosa y en persona otra, les falta capacitar e informar a los tecnicos y este es un problema de siempre no por las dificultades ocasionadas por la pandemia.",negativo,0.4905999898910522,4.0,negativo,,
15,BBVA,Banca,5,"Si esta en funcionamiento, lugar concurrido",neutral,0.4345000088214874,6.0,neutral,,
4215,Tottus,Retail,3,"(cuarentena) como era de esperarse por esta situación hay cola, pero no demoras tanto en entrar. Está surtido (precios relativamente económicos), pero lamentablemente lo electrodomésticos no te los puedes llevar a cada ese mismo (a excepción de los televisores y consolas de videojuegos). La compras y te programan para pasada quincena de julio, lo cuál me pareció su exageración. El lugar limpio y cumplen con los protocolos que actualmente se exigen.",negativo,0.3625999987125397,4.0,neutral,,
3971,Tottus,Retail,4,Local asecible encuentras productos variados,muy positivo,0.3736000061035156,6.0,positivo,,
41,BBVA,Banca,2,En el frontis dice cajeros automáticos 24h y es la segunda vez que vengo a depositar y están cerrados. Poco control de los alrededores del banco hay un tipo que te hostiga cuando parques tu auto.,muy negativo,0.4830000102519989,6.0,muy negativo,,
2435,Movistar,Telecomunicaciones,2,"Pese a que la atención fue lo más amablemente posible, no pude comprar nada ya que no tenían stock los modelos más solicitados, queriendo prácticamente que lleve el teléfono que ellos querían y no el que el cliente desea. Para comprar un samsung me invitaron ""amablemente"" a ir hasta el local de mega plaza.",negativo,0.4736000001430511,4.0,negativo,,
1300,Falabella,Retail,3,"En este centro comercial encontré muchos descuentos pero algunos no son de buena calidad como se espera por el precio ya que son de material muy simples, pero los diseños y otras marcas reconocidas si tiene excelente calidad y con el precio un poco mayor pero también se encuentran descuentos. Se puede encontrar creo que para todos los gustos y edades, aunque no encontré para Deportista mucha variedad, a comparación de sus otras sedes.",positivo,0.4492999911308288,1.0,neutral,,
3433,Ripley,Retail,4,"Bueno hemos ingresado a varias tiendas del Jockey plaza y cuando compras te deen la bolsa de papel , es una ayuda .. Algunas tiendas lucran con la bolsa te cobran que dicen son biodegradables pero huelen a malogrado podrían supervisar eso !!",negativo,0.4235999882221222,6.0,negativo,,
2044,Movistar,Telecomunicaciones,3,Ha mejorado la atencion menos en almacen donde no tratan bien al cliente,negativo,0.4199000000953674,0.0,neutral,,
3106,Plaza Vea,Retail,4,Se encuentra de todo. Pero falta un poco de orden y mejor distribución,neutral,0.4736000001430511,6.0,neutral,,
3122,Plaza Vea,Retail,4,Variado cómodo seguro,positivo,0.4647000133991241,6.0,positivo,,
1091,Entel,Telecomunicaciones,5,Mucho más eficiente que el de megaplaza,neutral,0.4614000022411346,6.0,positivo,,
3714,Ripley,Retail,4,"Centro comercial con varias vías de acceso, por la universitaria y por la Av la marina, amplio, ordenado, con seguridad, cuenta con patio de comidas y restaurante, tiene estacionamiento.",positivo,0.4690999984741211,1.0,neutral,,
3746,Ripley,Retail,5,PLAZA SAN MIGUEL ES MI IDEAL PARA OBTENER MIS NECESIDADES CUBIERTAS.,positivo,0.3106000125408172,8.0,muy positivo,,
2290,Movistar,Telecomunicaciones,2,"Cuando te te atienden, son amables y de buen trato, pero cuando vas a tratar de los servicios se hace a través del celular, hoy fue el último servicio de dos clientes",neutral,0.3188000023365021,20.0,neutral,,
4717,Wong,Retail,5,"Es una de las tiendas más ordenadas y completas que haya conocido. Además de su organización interna, no sólo de los anaqueles y grupos de productos, sino también de las cajas y formas alternativas de pago, está ubicada en un lugar donde hay cochera y un buen flujo de vehículos, que te facilita las compras considerablemente.",positivo,0.4999000132083893,6.0,muy positivo,,
3275,Plaza Vea,Retail,4,Todo arreglado limpio y fresco solo diría que el pan embolsado no me agrada mucho que digamos,positivo,0.4415000081062317,4.0,positivo,,
3979,Tottus,Retail,4,"Cómodo Supermercado al Sur de Lima donde encontrar todo para el hogar, con sólo el problema de la falta de cajeros ágiles que eviten esas molestas colas al momento de cancelar.",positivo,0.4472000002861023,6.0,positivo,,
3243,Plaza Vea,Retail,3,"Productos no están con precios correctos. Aparecen en el exhibidor con un precio y en Caja aparece otro,confundiendo y dorando o cancelando su compra por estos errores.",negativo,0.4869000017642975,4.0,negativo,,
1878,Metro,Retail,4,"Muchos productos, el menaje es de excelente calidad, cosas hermosas para decoración. Hay ciertas área donde están un poco amontonadas las cosas y eso genera que las personas también se aglomeren en ese punto. Por lo demás todo ok.",positivo,0.4711000025272369,6.0,positivo,,
256,BCP,Banca,1,"Estafa total.me envían una carta avisando que tengo un saldo a favor para luego en la agencia ""me explican"" que es un error y que tengo una deuda desde el 2015 PLOP Gracias Romero por el ""aporte voluntario"" que debo haberle hecho a Keiko en tu nombre",negativo,0.4763000011444092,4.0,muy negativo,,
4152,Tottus,Retail,5,El ingreso con doble mascarilla y protector facial atención hasta las 6pm,neutral,0.4501999914646148,6.0,neutral,,
1302,Falabella,Retail,3,"Compre un juego de sabanas y edredón on-line, pero al recoger el producto era diferente al de la compra y el edredón no era reversible como la imagen referencial. Me sentí super engañada. Cuidado con lo ofrecen.Devolví todo.",neutral,0.3925999999046325,4.0,muy negativo,,
3160,Plaza Vea,Retail,5,"Super completo venden de todo hasta ropa para hombres, mujeres y niños",positivo,0.3874000012874603,6.0,positivo,,
3005,Plaza Vea,Retail,5,"Este local de Plaza Vea está ordenado, limpio, tiene muchos productos , buenos precios y la atención al cliente está OK. Si me quedara cerca siempre iría allí.",positivo,0.4778999984264374,21.0,muy positivo,,
971,Entel,Telecomunicaciones,5,"Me escucharon atención y resolvieron mis dudas y reclamos, ni que desir de la amabilidad.",positivo,0.3806000053882599,4.0,positivo,,
4673,Wong,Retail,3,Muy agradable lugar. Es mi preferido. Es un gusto comprar ahi. Como sugerencia un poco mas de control con el distanciamiento social. Mucha gente en el local No hay control en las cocheras. La gente anda sin mascarillas. Falta un cartel grandazo para los ignorantes.,positivo,0.355100005865097,9.0,positivo,,
3546,Ripley,Retail,3,"Muy elegante y bien distribuido sus anaqueles, poco personal para la atención al cliente; si bien es cierto realizan descuentos pero únicamente a los clientes que utilizan las tarjetas de Ripley, lo cual me parece discriminatorio a la gente de provincias que viene a Lima y desea adquirir algun producto que no hay en el interior del país.",neutral,0.4659000039100647,4.0,negativo,,
4651,Wong,Retail,1,La verdad que todo muy bien pero los de seguridad te seguien como lo indicaron antes es su trabajo si pero no de tan cerca como va estar hablando cerca tuyo y se escucha claramente como te describen la verdad hay que mejorar en eso..,neutral,0.3549000024795532,4.0,negativo,,
3441,Ripley,Retail,4,"Cada vez que entro con mis clientes a Ripley, nunca encontramos algo que realmente guste del todo. Al menos, la ropa me parece demasiado convencional y poco vanguardista. Quizás me equivoque, pero siempre terminamos comprando en la tienda de su competencia. Aunque debo reconocer que parte de sus mejores marcas son Marquis, Menta & Chocolate, Desigual, y Guess, pero las demás marcas me parecen muy convencionales. En cuanto a los otros departamentos, pues estos ofrecen prácticamente lo mismo que otros retailers.",neutral,0.463699996471405,6.0,negativo,,
1719,Metro,Retail,4,"Muy amplio y variado. Se encuentra de todo, hasta ropa! Este local tiene muchos años abierto y definitivamente es uno de los locales más grandes de toda la.cadena de supermercados. Hoy en día en el segundo piso hay un KFC además de su comedor en donde se vende comida. También conecta con un multicine.",muy positivo,0.4844000041484833,6.0,muy positivo,,
685,Claro,Telecomunicaciones,3,"La atención en la ventanillas es rápido, pero dónde uno pierde minimo una hora de espera, es en el módulo de ticket dónde te brindan el número de atención según tu tema, caso o situación.",neutral,0.489300012588501,9.0,negativo,,
385,Claro,Telecomunicaciones,1,Buenas tardes bueno mi opinión es que no tuve la atención que esperaba debido a que tuve que exigir para que realicen mi reclamo al encargado que me atendió. Faltó dar mejor información y trato para el cliente. Gracia,negativo,0.3955000042915344,4.0,negativo,,
4578,Wong,Retail,5,El supermercado tiene gran variedad de productos. Además de tener un par de ascensores amplios directos a los estacionamiento.,positivo,0.449099987745285,23.0,positivo,,
3556,Ripley,Retail,3,"Señores buenas noches hace un mes que anule la tarjeta de. Crédito Ripley y hasta el momento no me hacen llegar la carta de no adeudo, por favor cuanto mas tengo que esperar",negativo,0.4988000094890594,4.0,negativo,,
3381,Ripley,Retail,1,"O mismo de siempre, hace una semana una casaca estaba 260, ahora voy y dice 440 con 40% de descuento, osea mas caro que antes y encima con descuento. Solo queda buscar una buena fecha para compra",negativo,0.4903999865055084,4.0,negativo,,
2685,Oechsle,Retail,4,"En cuanto a orden, e higiene, mantienen el standar; nada que reprochar. Personalmente me gustan la mayoria de diseños de ropa que tienen, tienen productos calidad precio, le doy 4 estrellas por que en lo personal me gusta que la atención al cliente se más simpático.",muy positivo,0.4769999980926513,6.0,positivo,,
2985,Plaza Vea,Retail,4,Un buen lugar para ir de compras. Recomiendo una rampa de acceso por Petit Thouars.,positivo,0.4717999994754791,14.0,positivo,,
2984,Plaza Vea,Retail,4,Amplio supermercado con diversas opciones de productos en general. Es cómodo pero adolece de personas para realizar consultas sobre los productos que ofrecen.,muy positivo,0.4366999864578247,6.0,negativo,,
4499,Wong,Retail,1,"Los precios en los estantes no coinciden con los de caja… Supermercado para turistas a precios desorbitados, no lo recomiendo",negativo,0.4126999974250793,4.0,muy negativo,,
3421,Ripley,Retail,4,"Todo bien, bastantes ofertas, aunque pocas marcas y variedad, en tecno si tienen muy buenas marcas y opciones!!! Buenos precios en laptops, celulares, etc...",positivo,0.4921000003814697,15.0,positivo,,
3426,Ripley,Retail,4,"La atención ha mejorado a lo largo de los años, también se incrementó el personal de apoyo en las compras lo cual facilita encontrar productos y hacer más rápida la.compra. Además han iniciado al parecer un sistema de fidelizacion con los clientes ya que en mi caso, siempre me llaman a consultar que tal fue mi experiencia, me ofrecen descuentos personalizados y más. Lo único que podrían mejorar es el nivel de variedad de marcas en la tienda, por ejm no tienen MK que si lo tiene saga, entre otras marcas.",neutral,0.4129000008106231,6.0,positivo,,
2001,Movistar,Telecomunicaciones,1,Mala atención se cosentran en las renovaciones y no en atender y resolver quejas,negativo,0.4765999913215637,4.0,negativo,,
2745,Oechsle,Retail,5,"Cada año renuevo mis lentes de sol con esta marca que vende está tienda, las 3 B que desea todo comprador, en cuanto a otros productos me agrada que las prendas sean en su mayoría manufactura nacional.",positivo,0.4589000046253204,6.0,positivo,,
2537,Oechsle,Retail,4,Hay variedad de productos. Precios accesibles y ofertas con tarjeta.,positivo,0.4966000020503998,23.0,positivo,,
3555,Ripley,Retail,3,"Me gusta, pero pienso que podrían realizar mejores ofertas con marcas exclusivas, y no solo las marcas cómodas.",neutral,0.4381000101566314,6.0,positivo,,
1552,Falabella,Retail,5,"Buenos productos, lo malo son las cajas muchas colany desorden",positivo,0.3361000120639801,15.0,neutral,,
4020,Tottus,Retail,5,"Dispone de una gran variedad de productos. Oferta abarrotes y menestras a granel, asi como carnes y pan llevar en general. Por ultimo, también ofrece prendas de vestir y calzado.",muy positivo,0.3607999980449676,23.0,positivo,,
3176,Plaza Vea,Retail,5,"Plaza Vea ha mejorado bastante. Me gusta el servicio de recojo en tienda porque no me demoró casi nada, por no decir nada. Realmente sus procesos han mejorado y las cajas rápidas son una muy buena opción para cuando se está apurado. La cobertura del delivery debe ampliarse a otros sitios de la victoria, por ejemplo.",positivo,0.4496999979019165,21.0,muy positivo,,
1404,Falabella,Retail,5,"Me encanta, suelo hacer recojo de compras y puedo ir con mi gordito 🐶…",muy positivo,0.460099995136261,6.0,muy positivo,,
594,Claro,Telecomunicaciones,4,"Centro de Atención Clientes de Claro Perú, cuenta con máquinas tipo cajero para Pagar Recibí, Recargas y Chips nuevos 4G, así mismo cuenta con una zona de autogestión, ventas de equipos de diferentes marcas y gamas, puede contratar servicios de Claro Hogar y atención en ventanilla por personal capacitado.",neutral,0.4515999853610992,4.0,neutral,,
1891,Metro,Retail,4,"Muy grande y ofrece diversas variedad de productos desde artefactos eléctricos, ropa, hasta juguetes y desde luego todo tipo de fiambres y comida preparadas para llevar, sin embargo debes de comparar bien los precios antes de comprar no todo lo que está rotulado como oferta en realidad lo es.",positivo,0.3923999965190887,23.0,neutral,,
2092,Movistar,Telecomunicaciones,5,Muy rápida la atención y hay rampas para discapasitados y semáforos,positivo,0.4893999993801117,5.0,positivo,,
3299,Plaza Vea,Retail,4,"Pequeño pero ordenado, encuentras lo necesario para tus compras, el servicio de cajas es algo que debe mejorar, demasiadas colas y personal apático, la seguridad revisa hasta si te ve saliendo de la caja... Mejorando eso en un muy buen servicio",muy positivo,0.4539999961853027,20.0,negativo,,
4608,Wong,Retail,5,"La atención es muy buena, ""donde comprar es un placer"". La gente siempre dice que es caro, pero la verdad es que se encuentran promociones que no hay en otros lugares. Quede muy contento.",positivo,0.4860999882221222,3.0,muy positivo,,
3089,Plaza Vea,Retail,3,"Muy cálido el ambiente. Las cajas de autoservicio les hace falta mantenimiento falló en una compra, la señorita de atención demoraba en solucionarlo, nos hicieron pasar a otra caja qué el joven encargado, lo hizo al toque",neutral,0.3810999989509582,6.0,neutral,,
4719,Wong,Retail,5,Tiene todo o casi todo,neutral,0.4305999875068664,6.0,neutral,,
578,Claro,Telecomunicaciones,3,"El Tipo que me atendió parecía molesto,no me dió información suficiente, cuando fui pará ver si me daban además de los 2 líneas, quería cambiar de Movistar a claro servicio de cable e internet",muy negativo,0.4925000071525574,4.0,negativo,,
3543,Ripley,Retail,3,"La tienda tiene buena distribución en cuanto a la exhibición de prendas. La cochera es amplia y tres horas por compra mínima de S20 soles. Lo único horroroso son los baños . No cuentan con ventilación, y si tienes ganas de un Kakaroto de emergencia, solo hay 4 inodoros, y todo el ambiente huele a poto de camionero.",neutral,0.3301999866962433,6.0,negativo,,
3156,Plaza Vea,Retail,5,"Siempre hago mis compras ahi y nunca he tenido problemas. El otro dia mi hermano menor tiró una botella de aceite de oliva al suelo, se rompió e inmediatamente llegó un joven a limpiar y no nos cobraron por el accidente. Las colas no demoran casi nada",negativo,0.4095999896526336,4.0,muy positivo,,
412,Claro,Telecomunicaciones,2,Me enviaron al Jockey. No podian ayudarme.,muy negativo,0.463699996471405,4.0,negativo,,
4670,Wong,Retail,3,No tienen cuando terminar las remodelaciones. Cada semana que voy han cerrado alguna zona y mueven los productos de las góndolas. Hacen perder tiempo. Y lo otro es que faltan más cajas y personal que apoye para embolsar las compras. Uno va temprano para hacer las compras pero hay muy pocas cajas disponibles y personal que apoye.,negativo,0.4964999854564667,4.0,negativo,,
1928,Metro,Retail,5,"Supermercado con diversidad de productos alimenticios y electrodomésticos. Los alimentos cumplen con los estándares requeridos (vigencia, señalan los octógonos) Los cárnicos frescos y buena calidad. Al acceder te indican si estas cumpliendo con las normas de salud (doble mascarilla) y ahora el carne de vacunación. Amplio estacionamiento interno y externo.",positivo,0.4785999953746795,6.0,muy positivo,,
1460,Falabella,Retail,3,Todo bien en la tienda solo que no hay control de cantidad de personas. La sección de mujeres más lleno que la sección de hombres. Cuidado con los contagios. Deben mejorar el control de número de personas en el local.,positivo,0.4578000009059906,4.0,neutral,,
790,Claro,Telecomunicaciones,4,Concurrido,negativo,0.3154000043869018,6.0,neutral,,
2521,Oechsle,Retail,3,"Buenos precios en ropa, artefactos no tanto, pero con tarjeta Oh di",positivo,0.4914000034332275,15.0,neutral,,
4509,Wong,Retail,2,Trato de evitar ir a este local en particular porque su local es incomodo; tiene dos pisos pero se paga solo en uno. El servicio de taxis es pesimo.,muy negativo,0.421099990606308,6.0,muy negativo,,
1241,Falabella,Retail,5,"Si vas buscando calidad y modernidad en todo lo que es ropa para niño, dama, caballeros, jovenes, hogar, electrodomésticos y demás está tienda ubicada acá lo vas a conseguir. Es inmensamente grande. Es grande la empresa que tienen acá los socios chilenos es una locura. Pero super bello todo, y bien organizado.",positivo,0.4979000091552734,6.0,muy positivo,,
1333,Falabella,Retail,4,"Muchas variedad, pero los precios no son para volverse locos",negativo,0.384799987077713,4.0,positivo,,
3692,Ripley,Retail,4,"Tienda especializada en la venta de productos para el hogar, oficina y de ocio.",neutral,0.3571999967098236,6.0,neutral,,
2869,Plaza Vea,Retail,5,"Seguro , respeto al cliente, cine acogedor deberían bajarle al volumen del cine, diversificación y promosiones",neutral,0.366100013256073,6.0,positivo,,
1561,Falabella,Retail,5,"Buenas ofertas y variedad de productos, estacionamiento disponible, amplia comodidad",muy positivo,0.4826000034809112,11.0,muy positivo,,
2535,Oechsle,Retail,4,"Súper por el horario casi nada de gente, todo ordenado y limpio cajas casi vacías rápida atencion",positivo,0.4007000029087066,10.0,muy positivo,,
1963,Metro,Retail,5,"Metro grande, gran variedad, estacionamiento amplio (se paga si no compras). En la puerta hay una mini feria de comida al paso y bocaditos. Al lado tienes un outlet grande de ropa y acccesorios. Diversos productos: ropa, perecibles, electrodomesticos, ropa, frutas, verduras, conidas. Los fines de semana es posible encontrar activaciones. Dentro hay puestos de donas, cases de telefonos, perfumerias, joyerias. Punto de canje de Bonus.",positivo,0.3991999924182892,23.0,neutral,,
3623,Ripley,Retail,5,Cerca a mi oficina donde encuentras una buena cantidad de ropa.,positivo,0.493800014257431,6.0,positivo,,
1311,Falabella,Retail,4,"Es una tienda por departamento grande, cuenta con varias secciones de productos para el hogar, moda y electrodomésticos divididos y ordenados en cada uno de los pisos del edificio, hay amplio personal que ayuda a los compradores a escoger mejor lo que deseen adquirir, cuenta con marcas reconocidas en cada uno de los rubros, asimismo cuenta con algunas marcas propias o exclusivas, se recomienda ir temprano para evitar el tumulto de la tarde a la noche.",positivo,0.4343000054359436,6.0,positivo,,
1456,Falabella,Retail,3,"No porque se estén realizando vacunaciones no se debe seguir manteniendo los protocolos de seguridad y distanciamiento social.Visite a hacer compras por la variedad de productos y precios y he observado que en el área de comunicación y sístemas el personal claro que no todos pero algunos prefieren hacer grupos y no dedicarse a lo suyo que es atención y servicio al cliente. Es agradable comprar ahí ya que existe variedad de modelos, precios y productos de diferentes precios de acuerdo a los diferentes segmentos socioeconómicos.",neutral,0.4492999911308288,23.0,positivo,,
796,Claro,Telecomunicaciones,5,fracaso,negativo,0.4296000003814697,6.0,muy negativo,,
3215,Plaza Vea,Retail,1,Fui Ayer a pagar mi estado de cuenta.. estacione mi Auto en el segundo piso y cuando Hiba a salir enseñe a la señora del estacionamiento mi boucher de pago x 745 soles .. me dijo que eso no valía para el estacionamiento.. entonces acaso no es pago x consumo .. que abuso en plaza vea,negativo,0.4587000012397766,21.0,muy negativo,,
1189,Falabella,Retail,4,Ahora ya no hay tanta gente como antes está mucho mejor,neutral,0.4984000027179718,9.0,positivo,,
3957,Tottus,Retail,4,"Variedad de productos y ofertas, sale a cuenta comprar, la.ultima vez me compré mi colchón y al instante me lo llevaba a mi casa sin tanto papeleo, hay taxistas q están en la puerta, todavía en el interior(identificados) y te llevan con seguridad. Mucho cuidado con los q están afuera, mucho taxista informal y de dudosa reputación así como mototaxistas piratas.",neutral,0.4812999963760376,23.0,positivo,,
2969,Plaza Vea,Retail,4,"Me parece un buen lugar para hacer compras de supermercado, un local amplio, muy bien distribuido, con lindas personas ofreciendo degustaciones, muy buenas ofertas. Me parece muy bien que estén contribuyendo con la eliminación de las bolsas de plástico, pero lo que no me gustó es que casi la mayoría de sus cajas estuvieran cerradas, ocasionando largas colas en las que atendían, y con carteles en algunas cajas diciendo "" en esta caja sólo bolsas reusables, no damos bolsa"" en verdad me sorprendió, porque no estaba enterado de eso y me vi obligado a hacer una cola más larga, creo que así como hacen sus comerciales también deben incluir el anuncio de las bolsas..",negativo,0.276199996471405,11.0,neutral,,
1700,Metro,Retail,3,"Realmente es un supermercado muy organizado y limpio, su personal muy cordial, por mi parte si volvería a ir a comprar, lo que me pareció excesivo es el costo del uso de servicio higiénico que es de 0.80 y te dan ellos un poco de papel higiénico, cuando en otra sedes tú tienes acceso ilimitadamente al uso del papel higiénico.",muy positivo,0.4745000004768371,6.0,positivo,,
170,BCP,Banca,3,OK.,negativo,0.3542999923229217,6.0,neutral,,
963,Entel,Telecomunicaciones,4,"Este centro de atención es muy grande lo que garantiza una rápida atención, se puede comprar equipos, chips, hacer trámites, reclamos y pagos. Por las restricciones impuestas en la zona, no hay forma sencilla de estacionar en los alrededores.",positivo,0.4598000049591064,4.0,positivo,,
3677,Ripley,Retail,3,Su estacionamiento no tiene descuento por consumo,neutral,0.4510000050067901,4.0,negativo,,
1314,Falabella,Retail,4,Tienda por departamentos. Se encuentra todo. Ropa. Zapatillas. Artículos deportivos. Electrodomésticos. TVs. Computadoras. Bastante surtido.,positivo,0.4679999947547912,6.0,neutral,,
4797,Wong,Retail,5,"Tiene de todo, precios algo elevados pero tienen un buen servicio y es consistente, compren el agua Bendictino",positivo,0.4715999960899353,20.0,positivo,,
806,Entel,Telecomunicaciones,1,"If I could give Entel Peru 0 stars, I would! I do not recommend their service at all, if you are a tourist and you are passing through Peru, their service is lousy! They made me buy a chip and then they never activated it! Despite following all the steps in the APP and then contacting them for customer service! I just lost my money. In addition to everything to activate the chip they ask for unnecessary data such as the name of the Father and the Mother and take photos of your fingerprints! Si pudiera ponerle 0 estrellas a Entel Peru se las daría! No recomiendo para nada su servicio si eres turista y estas de paso por Peru, su servicio el pésimo! Me hicieron comprar un chip y luego no lo activaron jamás! A pesar de seguir todos los pasos en la APP y luego contactarme con ellos por servicio al cliente ñ! Solo perdí mi dinero. Además de todo para activar el chip piden datos innecesarios como nombre de Padre y de la Madre y sacarte fotos a tus huellas digitales!",muy negativo,0.25,4.0,muy negativo,,
86,BBVA,Banca,5,Exelente,positivo,0.4059999883174896,6.0,muy positivo,,
3083,Plaza Vea,Retail,3,"Todo bien hasta el momento que tuve que hacer uso del baño de caballeros, una verdadera inmundicia ,la gente es tan sucia y floja que no hacen pasar sus heces y orina. Lo que me percaté es que ingresa gente que ni siquiera ha consumido un sol en el Plaza Vea, la mayoría son de la calle. Recomendaría pedir el comprobante de consumo en la tienda o de lo contrario cobrar por el servicio, así se evitarían de todos esos inmundos que hacen uso y abuso de los servicios higiénicos. Espero tomen en cuenta mi comentario",muy negativo,0.4862000048160553,21.0,muy negativo,,
3621,Ripley,Retail,5,"Es una tienda amplia donde encuentras de todo, tiene sección de ropa para hombres, mujeres y niños. Además de tecnología, electrodomésticos, decoración, maquillaje y hace poco vi que tienen sección dermocosmética, todo en un solo lugar.",neutral,0.4041999876499176,6.0,positivo,,
1153,Falabella,Retail,3,"Muy interesante oferta en el outlet. Acabo de encontrar un comedor a una fracción de su precio de venta al público. Es cuestión de buscar sin tener un objetivo, ya que no siempre uno encuentra lo quote busca y por elel contrario aparece una oportunidad en algo que no se tenia en mente. Lo que no gusta es que calzado de hombre es marginado de este lugar",negativo,0.4383000135421753,6.0,positivo,,
3280,Plaza Vea,Retail,4,"Menos personas de lo que usualmente había antes del inicio de la cuarentena. Al ingreso con auto no toman la temperatura al igual que al ingreso del mismo supermercado no toman temperatura y te brindan alcohol en gel. El lugar se veia limpio , el personal tenia su mascarilla, algunas adicional a ello su protector facial y todos usaban guantes plásticos. Debería haber más claridad en las ofertas que publican , puesto que nos ganamos con sorpresas al momento de pagar en caja. En general , todo lo demás bien. La visita fue rápida.",positivo,0.4156999886035919,4.0,positivo,,
1614,Interbank,Banca,5,Interbank cobra las tarifas más bajas por transacciones internacionales.,neutral,0.3986999988555908,6.0,positivo,,
3564,Ripley,Retail,4,"Es inmenso este local por ende encuentras infinidad de productos, a veces cuando hay ofertas la gente desordena y se te dificulta encontrar algo que te llame la atención, ropa de acuerdo a la temporada y la atención y ayuda están muy bien. Espero ir otro día porque había demasiada ropa que me gustó. 🙌…",neutral,0.4070999920368194,6.0,muy positivo,,
2212,Movistar,Telecomunicaciones,4,Solo fui a pagar pero todo bien amables,positivo,0.3876999914646148,16.0,positivo,,
4122,Tottus,Retail,5,"Amplio, ordenado y variado, hay muchas cosas que están a buen precio, y más con la tarjeta CMR, otra peculiaridad es que venden pollo Broaster en baldes estilo KFC y salchipapas, la variedad de colchones y muebles es amplia, tienen productos importados a lo Wong, y que hay un buffet al peso en ese segundo nivel que presenta el supermercado. Su personal es amable, y el ambiente es bien tranquilo, libre de bullicio.",muy positivo,0.4668000042438507,6.0,muy positivo,,
3596,Ripley,Retail,4,"Después de tiempo fuimos y la ropa ha mejorado bastante, salí contenta, tengo nuevos outfits 🥰…",positivo,0.4343000054359436,6.0,muy positivo,,
1154,Falabella,Retail,3,"Muy buen lugar con mucha ropa de buenas marcas. También hay una sección de corte de cabello en el segundo piso, pero las que atienden son venezolanas y me pidieron mi DNI y mi número telefónico y según la recepcionista era para la boleta, el peluquero era muy bueno pero también me hacía preguntas muy privadas como de qué parte del Perú era. Luego empecé a recibir llamadas spam, y en la boleta no pusieron mi teléfono, creo que los venezolanos me sacaban información con mala intención para convertirla con terceros, eso no me gustó que permitan que trabajen venezolanos allí.",negativo,0.3898000121116638,4.0,muy negativo,,
457,Claro,Telecomunicaciones,4,"Fue la atención estándar de los centro de atención, todo el servicio de Claro es igual en todos sus centros.",neutral,0.4966999888420105,1.0,neutral,,
954,Entel,Telecomunicaciones,4,"Entel siempre me atiende de la mejor manera posible, resolviendo mis dudas y problemas. Este local es algo chico, pero está ordenado y limpio. No había la cantidad de gente que esperaba y me atendieron inmediatamente llegué. La atención de la señorita que me tocó pudo haber sido mejor; ya que si bien sí resolvía mis dudas, no llegaba a informarme más beneficios que yo podría tener.",positivo,0.4544000029563904,4.0,positivo,,
73,BBVA,Banca,4,"Sus instalaciones se pueden ver desde lejos, el edificio es alto e imponente, tiene una amplia y cómoda terraza para el personal y los visitantes, y el trato por parte de su personal es amable y profesional",positivo,0.4578999876976013,6.0,positivo,,
2929,Plaza Vea,Retail,2,Deberian optar por mejorar sus productos frescos como frutas y verduras por esa razon busco productos de proveedores en pachacamac,neutral,0.4853000044822693,6.0,negativo,,
3396,Ripley,Retail,2,"No se si es por el lugar... no creo que todos vivan la misma experiencia allí. Algunos trabajadores pareciera que no tuvieran ganas de atender. El lugar es muy grande y completo en sus servicios; sin embargo, no me fue fácil encontrar cajeros (hay muy pocos y tuve que ir hasta el centro financiero). Los pasillos son confusos, asi como la entrada y salida (es como si estuviera diseñado solo para quienes tienen auto). La elegancia y limpieza 10/10.",neutral,0.4167999923229217,4.0,neutral,,
3395,Ripley,Retail,2,"Ripley del Jockey, enciende el aire acondicionado!!.. al entrar huele a perfumes de diferentes marcas, llega a ser tóxico de tan fuertes olores. Unos pasos más allá, encuentras olores a comida, todo eso mezclado con el sudor y temperatura del verano, 😱. El administrador en su oficina con AIRE ACC, y los demás que suden, no pues, dejen la tacañeria de lado, y usen el AIRE ACONDICIONADO,",negativo,0.4968000054359436,6.0,negativo,,
3284,Plaza Vea,Retail,4,Lugar adecuado para compras y centrico.. Es un supermercado amplio y con estacionamiento normal y preferenciales . Bivicletas motos y dillas de rueda,muy positivo,0.4316000044345855,6.0,neutral,,
1187,Falabella,Retail,4,"El administrador de la planta me pareció muy gentil pero sus trabajadores, no todos claro cero a la izquierda.",neutral,0.4133999943733215,4.0,negativo,,
2502,Oechsle,Retail,2,"Bajo stock en todos productos, el odio que sus dueños le tienen al centro comercial se hace notar en su tienda.",neutral,0.4499000012874603,1.0,muy negativo,,
4589,Wong,Retail,5,"Un supermercado con con todo tipo de artículos y viveres, se encuentra artículos de alto valor agregado en precios mayores del mercado. Igual es un sitio donde puedes encontrar prácticamente de todo en dos pisos para ello.",muy positivo,0.4711999893188476,6.0,neutral,,
1988,Movistar,Telecomunicaciones,1,Peor lugar es solo hacer higado,neutral,0.4131999909877777,6.0,muy negativo,,
1904,Metro,Retail,5,"En la primera foto: BLUE LABEL DE JOHNNIE WALKER, pero es ideal para comprar",neutral,0.4569000005722046,6.0,positivo,,
1996,Movistar,Telecomunicaciones,1,Mala atención algo característico de estos lugares,negativo,0.4860000014305115,4.0,negativo,,
602,Claro,Telecomunicaciones,5,"Atención rapidísima para comprar un chip (tarjeta) prepago para pasar unos días en Perú. Tenían diferentes ofertas, con llamadas y Gb para todo el territorio nacional de Perú.",positivo,0.4686999917030334,6.0,muy positivo,,
4379,Wong,Retail,4,Loacal amplio con aire acondicoinado tiene variedad de prodcutos. Tiene una pequeña barra para comer helados que son muy ricos y recomendables,positivo,0.4997999966144562,6.0,muy positivo,,
2439,Movistar,Telecomunicaciones,3,"Como local es bastante amplio, la atención normalmente es rápida, pero a veses deja mucho que desear, parece que no siempre el personal está preparado para afrontar presión por parte de los clientes y no son capaces de resolver conflictos.",neutral,0.4772999882698059,4.0,neutral,,
3966,Tottus,Retail,4,"Se respeta las colas, pero adentro el aforo pareciera que es elevado. Tienen cuidados pero sería conveniente espaciar más las góndolas para evitar los tumultos en ciertas áreas más concurridas. Bien como siempre amables todos.",neutral,0.4487000107765198,6.0,positivo,,
3406,Ripley,Retail,3,"Posee gran variedad de mercancía, ropa de todo tipo desde interior hasta ternos o ropa deportiva, perfumes, electrodomésticos y cosas para el hogar. Precios accesibles lugar ordenado y limpio.",muy positivo,0.4873999953269958,10.0,positivo,,
3417,Ripley,Retail,3,"Buen espacio y todo pero el personal 0/10 , te hablan mal",neutral,0.3492999970912933,20.0,negativo,,
4058,Tottus,Retail,2,ofrece variedad de productos en oferta con vencimiento a 1 semana para consumo rapido. Hasta ese nivel para ayudar a sus distribuidores que llenan las gondolas.,muy positivo,0.4625000059604645,23.0,neutral,,
2829,Plaza Vea,Retail,4,Buenos precios. Pero no me pidieron carnet de vacunacion ni Dni al entrar. Fue el 31 de Diciembre.,positivo,0.3896999955177307,15.0,neutral,,
2601,Oechsle,Retail,5,Antes de ingresar a las instalaciones medición de temperatura por parte del personal de seguridad y brindando alcohol para las manos. Posterior a eso lugar bien implementado y ordenado. Cajas para pagos no tan llenas y los clientes mantienen la distancia 1.5 metros.,neutral,0.4656000137329101,6.0,positivo,,
1367,Falabella,Retail,5,"Gran variedad de vestuario para mujer, limpio, huele bien, falta poco de orden y amabilidad a las personas que doblan y ordenan el vestuario lo hacen sentir incómodo mientras miras la ropa te ven con mala cara. Los cajeros son amables.",positivo,0.4941999912261963,23.0,neutral,,
1609,Interbank,Banca,5,"Muy buena la atención , excelente banco",positivo,0.4912000000476837,3.0,muy positivo,,
1622,Interbank,Banca,5,"Comoda agencia, te puedes servir café gratis y esperas sentado hasta que te llaman por tu nombre, excelencia de calidad.",positivo,0.4941999912261963,6.0,muy positivo,,
4091,Tottus,Retail,4,Es un local amplio con variedad de productos y ofertas para cada día de la semana. Un poco enredado el acceso. Te validan el estacionamiento por haber realizado compras.,positivo,0.4943000078201294,23.0,positivo,,
1398,Falabella,Retail,5,Si necesitas algo en Miraflores acude a Fala. Un lujazo de gran almacén,muy positivo,0.3657000064849853,6.0,muy positivo,,
774,Claro,Telecomunicaciones,2,Mala,negativo,0.3208000063896179,4.0,negativo,,
2775,Plaza Vea,Retail,2,"Este fin de semana fui a plaza vea del jockey plaza, y habian buenas ofertas en sus anaqueles del 40% en carnes y mas 10% de dscto con tu tarjeta oh,.grande fue mi sorpresa que cuando fui a caja y al pasar mi tarjeta me percato que no me estaban considerando los descuentos, yo me di cuenta y reclame, la cajera se hizo la desentendida que el precio no era como se estipulaba en el anaquel, como yo le habia tomado foto del descuento se lo enseño y recien pude considerarme los descuentos. La verdad no me imagino aquellas personas que confian ciegamente en plaza vea, cuanto les estaran robando, .ya que en el mostrador dice un precio y en caja es otro precio. Mi consejo para todos es que sean desconfiados, y si ven descuentos tomenle una foto con su movil y se lo enseñen a la cajera, es la unica manera de que les consideren los descuentos. Es lamentable que no haya honestidad en esta cadena de tiendas.",negativo,0.4666999876499176,21.0,muy negativo,,
3846,Scotiabank,Banca,4,"Atención rápida, poca gente. Solo se llena 5 minutos antes del cierre.",neutral,0.4532999992370605,5.0,muy positivo,,
598,Claro,Telecomunicaciones,4,"Poco lento, y depende quien te atienda es la amabilidad. entonces su máquina de recarga no funciona bien y tenés que hacer si o si tu fila en caja. Pueden mejorar.",negativo,0.4993000030517578,4.0,negativo,,
351,BanBif,Banca,3,"La atención es demasiada lenta y solo hay 2 cajas 1 preferente y otro para las demás personas. Es posible que haya más cajas pero ninguna más se aperturó , solo a partir de las 6 de aperturó otra más. Lo único ""positivo"" si se puede nombrar así, es que fui atendido despues de las 6. Todos fueron atendidos incluso los que llegaron hasta las 6. El trato al cliente lo sentí bien.",positivo,0.3422000110149383,4.0,negativo,,
4007,Tottus,Retail,5,UN LUGAR DONDE ENCUENTRAS DE TODO TIENE LAS 3 B BUENO BONITO Y BARATO SE LOS RECOMIENDO,positivo,0.3316999971866607,6.0,muy positivo,,
4012,Tottus,Retail,5,"Primera vez que ingrese a este Opdn Plaza y me resolvieron mis consulta con rapidez y cortesía. Servicio higiénicos bien limpios ,eso refleja como es el lugar en general. Se puede ir en familia con toda tranquilidad.",muy positivo,0.4824999868869781,6.0,muy positivo,,
3693,Ripley,Retail,4,"Se me perdio un DNI cuando fui a recoger un producto online y el de seguridad lo tenia solo pasaran 20 min desde que lo perdi y lo encontre gracias al de seguridad. Lo felicito por eso, fue muy rapido, las escaleras electricas del primer piso siempre te confunden cuando quieres ir a pisos superiores terminas donde una vuelta solo para ir ah al siguiente escalera.",muy positivo,0.4300999939441681,6.0,positivo,,
3935,Tottus,Retail,4,Mantiene precios con descuentos pero tienen que arreglar los carritos de compra las ruedas se traban y es difícil manejarlos,neutral,0.4896000027656555,6.0,neutral,,
2140,Movistar,Telecomunicaciones,1,A ver: primero que tienes que contar una historia al que reparte los tickets para atención y te pasa a donde quiere el o según lo que cree debe ser y no puedes.consultar nada; si uno pide atención por su celular lo mínimo es que te atienda una representante de servicio y tú puedas exponer tu caso. No puedes ir contando la mismo a varias personas,muy negativo,0.4966999888420105,4.0,negativo,,
4351,Wong,Retail,3,"La calidad de algunas de sus verduras sigue siendo baja comparada con plaza vea, por ej los tomates, los limones entre otros. El stock de productos también ha bajado.",negativo,0.4453999996185303,21.0,negativo,,
3829,Scotiabank,Banca,1,"No está actualizado, cerrado.",neutral,0.4508000016212463,4.0,negativo,,
4607,Wong,Retail,5,Super organizado. Protocolos de seguridad en ingreso y cajas. Por varios puntos de los niveles se observa personal de limpieza. Entre las 6 y 7 p.m. No hay mucha gente.,neutral,0.4925000071525574,9.0,muy positivo,,
1295,Falabella,Retail,3,Clásico local de la cadena de tienda por departamentos. No es muy grande y tiene poca variedad en comparación a otras tiendas de la misma cadena.,positivo,0.4278999865055084,6.0,neutral,,
3542,Ripley,Retail,3,"Oferta surtida en productos pero falta sock en tallas grandes. En algunos productos, las etiquetas no dejan ver su composición.",negativo,0.4681999981403351,4.0,negativo,,
1279,Falabella,Retail,1,Pesima atención al cliente por parte del cajero y del administrador,negativo,0.4842999875545501,4.0,muy negativo,,
2914,Plaza Vea,Retail,1,"Es importante tener mucho cuidado con éste supermercado en concreto. El cliente al realizar el pago con alguna tarjeta de crédito de otro país, la consideran según dicen ellos internacional y automáticamente te cobran un porcentaje de lo que se compró en el ticket por ser tarjeta de crédito de otro país. Tengan mucho cuidado!! Es una verdadera vergüenza.",negativo,0.4706999957561493,4.0,muy negativo,,
4420,Wong,Retail,5,"Con su remodelación y ampliación se ve mucho mejor, más productos, mejor servicio al cliente, espero que no se descuiden,.",positivo,0.4835000038146972,4.0,positivo,,
2042,Movistar,Telecomunicaciones,3,Relativamente rápido pero a veces no solucionan las cosas,neutral,0.4713999927043915,4.0,neutral,,
4572,Wong,Retail,5,"Este local es muy bonito y se ubica dentro del Balta Shopping, ocupa el segundo y tercer piso, hay escaleras mecánicas para subir. Como en todos los Wong venden de todo para el hogar aunque en este local no he visto muebles, pero sí, artefactos eléctricos, zapatos, ropa de bb, cosméticos, adornos y su gran variedad de frutas, verduras y carnes de excelente calidad.",positivo,0.4478999972343445,6.0,muy positivo,,
1575,Interbank,Banca,2,Esperar a la muerte sería más rápido.,neutral,0.4388000071048736,6.0,muy negativo,,
431,Claro,Telecomunicaciones,3,Siempre anda repleto...,positivo,0.4666000008583069,6.0,neutral,,
2512,Oechsle,Retail,3,Execelente la atencion... Recojo de productos decompras en limea es rápida,neutral,0.484499990940094,0.0,muy positivo,,
1218,Falabella,Retail,5,"El autoservicio para recoger compras por internet, es uffff; buenazo. Solo con el QR que te llega al correo y tu número de DNI te ahorras muchísimo tiempo.",neutral,0.4257999956607818,6.0,muy positivo,,
4190,Tottus,Retail,1,"Estafa de tottus la marina, yo fui a comprar unas donas de cacao a solo s/3.50 pero cuando fui a la caja de la panadería de tottus costó otro precio. No vengan a la panadería de tottus porque te estafan😡😡😡.Y También dejo una foto de la única sede de pressto, ubicada en el Open plaza la marina.…",neutral,0.4135999977588653,6.0,muy negativo,,
3965,Tottus,Retail,4,Totalmente un cambio favorable para nosotros los clientes. En atención excelente en Bio seguridad excelente. Solo les pediría un lugar donde podamos sentar por alguna emergencia.. Hoy busque una banca no lo había.. Hay que tener en consideración. Soy una persona mayor de sesenta años,muy positivo,0.4824999868869781,4.0,positivo,,
3687,Ripley,Retail,4,"Tienda de tres niveles con promociones contínuas. Además con el app Ripley Pago, el proceso de compra es más fácil.",positivo,0.4244000017642975,6.0,positivo,,
2731,Oechsle,Retail,5,"La tienda es muy grande y hay de todo en ropa para todas las edades, hay muchas ofertas si se tiene la tarjeta OH",positivo,0.4686999917030334,6.0,positivo,,
417,Claro,Telecomunicaciones,2,Espera de más de 1 hora para ingresar al local.,neutral,0.414000004529953,9.0,negativo,,
4409,Wong,Retail,4,"En infraestructura externa pareciera que fuera grande, pero por dentro es muy pequeño. Quitando esto que dije anteriormente, de lejos el mejor supermercado de Perú.",positivo,0.4623000025749206,6.0,positivo,,
1497,Falabella,Retail,4,Siempre está bien equipado en lo que respecta a moda de mujeres y hombres. Los espacios un poco reducidos como para las locuras de compras pero en un día normal de poca visita puedes realizar tranquila las compras,positivo,0.4165000021457672,6.0,positivo,,
1483,Falabella,Retail,4,"Este local en Las Begonias es uno de los más importante de la cadena , su surtido y la atención de la gente que atiende es buena gracias a que la mayoría de su fuerza de ventas se apoya en las marcas que distribuye pero también ese sistema tiene su parte mala ya que cuando el cliente desea otras opciones te dejan de lado y tienes que buscar al promotor de la otra marca y así sucesivamente. Pero el dolor de cabeza viene cuando quieres sacar tu carro de la cochera , primero si no encuentras lo que buscas tienes que pagar y eso te hace sentir muy mal como cliente, luego tienes que comprar como mínimo S/.40 y te dan algunos días 2 horas y justo me pasó ahora último que compré mercadería por más de 1100 soles pero solo te consideran esas 2 horas y pagas la diferencia a pesar que te demoraste en buscar, comparar y pagar y compré no solo en Saga y también en Tottus y a la hora de retirar el coche le enseñé todo lo que compré y a pesar de eso me cobró una hora en exceso....solo estuve 2.20 minutos....no hubo consideración al monto comprado...muy mal.",negativo,0.481900006532669,4.0,muy negativo,,
2181,Movistar,Telecomunicaciones,2,"Desde que llegué pude notar el orden y medidas de bioseguridad al i greso y durante la espera dentro de sus instalaciones, el personal respetuoso y atento. No es difícil llegar hasta el local ya que se encuentra en plena avenida Benavides, pero creo que deberían de tener algunas pequeñas sedes para consultas rápidas, o atención de pagos pero directamente no por intermediarios .",positivo,0.4275000095367431,4.0,positivo,,
761,Claro,Telecomunicaciones,5,Con claro es lo máximo,positivo,0.4627000093460083,6.0,muy positivo,,
4028,Tottus,Retail,5,Supermercado más completo del sur de lima,neutral,0.4681999981403351,6.0,positivo,,
442,Claro,Telecomunicaciones,4,No soy bueno prestando atención pero sin duda este centro estaba bien claro,negativo,0.4523999989032745,4.0,positivo,,
799,Claro,Telecomunicaciones,5,Celular barato,positivo,0.4616999924182892,6.0,positivo,,
472,Claro,Telecomunicaciones,5,Sorprendentemente me atendieron bien y resolvieron mi inconveniente.,muy positivo,0.4602000117301941,6.0,positivo,,
249,BCP,Banca,1,Fastidiado porque no recibo papel para el cajero automático fastidia el día,muy negativo,0.4914000034332275,4.0,negativo,,
3113,Plaza Vea,Retail,4,Encontré buen precio. Solo no había el detergente que suele utilizar. Pero es espacioso y de lunes a miércoles no hay mucha gente. Así que puede comprar con tranquilidad y seguridad.,muy positivo,0.4675000011920929,9.0,positivo,,
98,BBVA,Banca,5,Oficina central muy amplia,neutral,0.4620999991893768,6.0,positivo,,
553,Claro,Telecomunicaciones,2,Doble cola: una para obtener un ticket de atención y otra para que te atiendan. Ambas colas muy lentas. Pocos asientos. No hay zona para recargar celulares ni hay Wifi. ¿Estacionamiento? Ni siquiera lo pienses.,negativo,0.4749000072479248,4.0,muy negativo,,
1059,Entel,Telecomunicaciones,2,"Estube buscando información de un teléfono fijo inalambrico, hable con 3 personas y ninguno me orientó correctamente, al comprar el producto me dijeron que venía un bono para usar el equipó lo cual no era cierto, en fin, espero que mejoren en cuanto a información al cliente",negativo,0.4564999938011169,4.0,negativo,,
4512,Wong,Retail,3,Muchas variedad de productos pero muy caro,neutral,0.3921999931335449,23.0,neutral,,
3551,Ripley,Retail,3,"Establecimiento de fácil acceso y con buen servicio de seguridad. La señalética, signos, letreros y demás, está obsoleta y no ha sido renovada en un buen tiempo. Dificulta encontrar lo que necesitas sin recurrir a un empleado. Si están buscando tallas grandes (L, XL en ropa o 44+ en zapatos) en vestimenta masculina, encontrarán poco o nada de alternativas (las tallas L suelen acabarse primero). Nota: pueden encontrar promociones MUY buenas si aprovechan en visitarlos justo en cambio de temporadas o colecciones.",neutral,0.421099990606308,20.0,neutral,,
107,BBVA,Banca,5,Me encanta ese lugar,muy positivo,0.453900009393692,6.0,muy positivo,,
3330,Plaza Vea,Retail,5,"Es espacioso, tiene variedad de productos, la atención es rápida y muy amable. En esta coyuntura aplican muy bien los protocolos de seguridad manteniendo el distanciamiento social. Tiene un amplio estacionamiento ubicado en el segundo nivel, donde tambien estan ubicados los SSHH y también se puede estacionar en los alrededores de la tienda en el primer nivel pero les recomiendo dirigirse al segundo nivel; ya que en este nivel está dentro de la tienda. La ubicación de la tienda está en la misma Av Universitaria.",positivo,0.4771000146865845,6.0,muy positivo,,
4539,Wong,Retail,4,Productos un poco caro,neutral,0.4794999957084656,6.0,negativo,,
4418,Wong,Retail,5,"Una de las sucursales de la cadena de supermercados insignia del Perú. Se destaca por la calidad de la decoración, limpieza y la esmerada atención del personal. Además es reconocida la calidad de sus productos que hace tenga un público bien fidelizado.",positivo,0.4693000018596649,6.0,muy positivo,,
4743,Wong,Retail,5,"Tradición ..,.cruzando un poquito Lince",neutral,0.4413000047206878,6.0,neutral,,
4795,Wong,Retail,5,"Muy bueno, no venía de compras hace mas de 15 años, ha cambiado para bien, modernizado y sicye teniendo la misma calidad de siempre!!!",muy positivo,0.4876999855041504,6.0,muy positivo,,
2308,Movistar,Telecomunicaciones,3,"El lugar está bien, la atención es normal, la satisfacciòn del cliente es algo que nunca les interesó así que es deficiente. Solo basta estar 15 minutos allí para darte cuenta que todos son reclamos y problemas.",neutral,0.4375,4.0,muy negativo,,
2704,Oechsle,Retail,4,"Grata ""experiencia de pago"" en CAJA EXPRESS: Atención inmediata (captación), y sin cola, frente a un representante cerca al lugar de los productos elegidos...(solo modalidad con tarjeta). Puntos a mejorar: Proceso de embalaje - Etiquetado para el control de salida de producto(s)",neutral,0.4462000131607055,6.0,positivo,,
3080,Plaza Vea,Retail,3,"Primera visita post cuarentena. Muy surtido. Han tomado todas las medidas. El aforo estaba bien controlado. Encontramos todo lo que buscamos. Lo bueno de Plaza Vea es que tiene el mismo precio en todos sus locales. La atención en las cajas fue rápida. El personal amable. El estacionamiento cuesta seis soles. Cómo ya no hay personal que cobre, no hay como validar. Así que pagas tus seis soles no más.",muy positivo,0.4941000044345855,21.0,positivo,,
3076,Plaza Vea,Retail,3,"Este lugar ha mejorado muchísimo, particularmente por el desarrollo urbanístico que ha habido en la zona, esto ha producido de que los distintos negocios que se encuentran tengan por que volverse muy competitivos. Plaza Vea ha mejorado en el formato por el cual vende, es más atractivo y bonito y con un servicio mucho mejor que otros locales.",positivo,0.4668000042438507,21.0,muy positivo,,
4428,Wong,Retail,5,"Su nuevo local muy amplio y ordenado, hay gran variedad de productos 100% recomendado.",positivo,0.4754999876022339,23.0,muy positivo,,
733,Claro,Telecomunicaciones,5,"Cuando llegué a Perú me indicaron contratar con una empresa de telecomunicaciones supuestamente muy buena, error, desde que conocí y utilicé los servicios de Claro y su excelente atención ahora no la cambio por nada. Recomendada.",muy positivo,0.4327000081539154,4.0,muy positivo,,
1727,Metro,Retail,4,"Me gusto mucho encuentro las cosas que no encuentro en otros metros, como el atún Campomar que viene en pote de vidrio y así uno puede ver si el atún está en buen estado 😅…",neutral,0.39410001039505,6.0,muy positivo,,
1230,Falabella,Retail,5,Luego de 4 meses vengo y veo que tienen los protocolos de seguridad como se ve en la imagen a su ves se puede ingresar por el 1er nivel. Al ingresar te desinfectas las plantas de las zapatillas o lo que llevas puesto al momento como las manos y te toman la temperatura al ingresar. Muy bueno,positivo,0.4654000103473663,6.0,positivo,,
3840,Scotiabank,Banca,2,"Retiré 400 soles y me costó 117 euros. El tipo de cambio actual es de 0,24 euros por 1 sol. Así que debería costar 96 €. Retirar el dinero me costó 21 €, lo que equivale a unos 99 soles en comisiones y pérdida por tipo de cambio.",negativo,0.4713000059127807,4.0,muy negativo,,
1452,Falabella,Retail,2,"Lo Único Bueno De Allí es el Producto, lo demás deja mucho de que hablar, Por todas las Instalaciones Vendedores, Caja, Seguridad, Mala Atención por Completo.",positivo,0.4713999927043915,4.0,negativo,,
669,Claro,Telecomunicaciones,2,Siempre para lleno. Deben ir con tiempo a ese lugar.,neutral,0.4697000086307525,6.0,negativo,,
1902,Metro,Retail,5,"Tienda completa, tienen de todo. Los uso para comprar carnes y algunos suministros para la semana. El estacionamiento es gratuito por hasta 2 horas si compras un importe entre 20 a 30 soles",neutral,0.4081000089645386,6.0,positivo,,
2700,Oechsle,Retail,4,Oechsle es una cadena de tiendas por departamentos que forma parte del conglomerado peruano Intercorp. Donde puedes comprar artefactos y todo que necesitas para el hogar,muy positivo,0.4544000029563904,6.0,neutral,,
3319,Plaza Vea,Retail,5,"Teniamos hambre y por 37 soles almorzamos un pollo a la brasa con su gaseosa y aparte se compra el ají pollero, me demore en comprarlo 25 minutos, sino la cochera me cobraba 6 soles por hora. El pollo es rostizado , en horno electrico sin carbon, estaba rico, otro sabor pero lo recomiendo sale relleno, antes habian mesas para comerlo, ahora no los hay, asi q a comerlo en la camioneta",negativo,0.4257999956607818,4.0,positivo,,
2338,Movistar,Telecomunicaciones,5,"El centro es amplio y tiene lo necesario para resolver todas las inquietudes y solicitudes que se deseen realizar, al momento que fui, estaba poco concurrido y salí rápidamente con mi requerimiento resuelto",neutral,0.4772999882698059,6.0,positivo,,
632,Claro,Telecomunicaciones,1,"Mucho demoran en atender, algunas personas hacen cola por gusto.",negativo,0.4629999995231628,24.0,negativo,,
2090,Movistar,Telecomunicaciones,5,"Buen trato, pero mucho hacen esperar",positivo,0.4523999989032745,20.0,negativo,,
3456,Ripley,Retail,4,"hay cosas de todos los precios,pero vaya dispuesto a pasar rato,todo tipo de ropas perfumes calzado,,,a los mejores precios del mall...me compre unnshort adidas con sujetador de neoprene a poco mas de 20 dolares,,mi esposa unas blusas en liquidacion a unos 5 dolares",neutral,0.3727999925613403,6.0,muy positivo,,
3533,Ripley,Retail,2,"Ripley cuenta con un local amplio y una buena variedad de productos en todos los niveles de la tienda. Sin embargo, los precios suelen estar muy inflados. Aunque siempre hay alguna oferta, el precio de lista es excesivo, donde un polo simple de sus propias marcas cuesta hasta 250 soles",neutral,0.4873999953269958,23.0,neutral,,
1598,Interbank,Banca,1,Horrible te hacen esperar un montón.,muy negativo,0.4878999888896942,4.0,muy negativo,,
4302,Tottus,Retail,5,De todo para la casa,positivo,0.4451999962329864,6.0,positivo,,
1169,Falabella,Retail,3,"Un lindo lugar en lima centro donde comprar y pasear solo o en compañía de amigos o familiares. Electrónicos variados, ropa, muebles, servicios diversos, productos variados, etc.......al servicio de sus clientes y público en general que se adentre en sus instalaciones. Lo malo es que casi toda la tienda está muy enfocada en la venta de ropa (boutique), lo cual disminuye mucho el resto de artículos de la tienda. Deberían de diversificarse mucho más, de lo contrario perderán más clientes a manos de otras tiendas.",neutral,0.3659999966621399,6.0,neutral,,
4560,Wong,Retail,5,"Muy bueno, encontré todo, calidad A1, lo único que el mall no tiene un buen estacionamiento para bicicletas no cumple con la ley, no dan ticket, no preguntan quien es el dueño, etc, recomiendo actualizar eso y mejorarlo",positivo,0.4753000140190124,4.0,positivo,,
2477,Movistar,Telecomunicaciones,5,"La atención de Anthony Paredes, resolvió todos nuestros problemas, nos aconsejó en todo, más personas así en Movistar",muy positivo,0.4101999998092651,4.0,positivo,,
1155,Falabella,Retail,3,"Cómodo, pero la atención es bien complicada. Se demoran mucho.",negativo,0.4740999937057495,24.0,negativo,,
676,Claro,Telecomunicaciones,2,Demasiada cola solo para poder hacer una consulta.,negativo,0.4957999885082245,9.0,negativo,,
189,BCP,Banca,5,La sede principal cuenta con múltiples oficinas diseñadas para trabajar cómodamente con infraestructura moderna,neutral,0.4672999978065491,6.0,neutral,,
2965,Plaza Vea,Retail,4,"Hipermercado, productos variados, desde alimentos hasta tecnología",positivo,0.4386999905109405,6.0,neutral,,
2334,Movistar,Telecomunicaciones,4,"Respecto a años anteriores, la atención a mejorado, y tienen promociones ""caleta"" de tarifas que te sorprendes. Incluso equipos más baratos respecto a los demás operadores. Recién se ponen las pilas 🔋…",neutral,0.4729000031948089,6.0,positivo,,
81,BBVA,Banca,5,"Lo tengo al frente, genial vista",positivo,0.4918999969959259,6.0,positivo,,
269,BCP,Banca,4,"Es un lugar seguro y ordenado, la cochera es solo para trabajadores del banco. Debemos estacionar en las cocheras que hay alrededor.",positivo,0.4758999943733215,6.0,neutral,,
78,BBVA,Banca,5,Comité CN,negativo,0.3858999907970428,6.0,neutral,,
2996,Plaza Vea,Retail,5,"Después que. Lo remodelaron quedo. Muy hermoso, además que todo se ve súper fresco y la manera como están ordenados las frutas da gusto.",positivo,0.4815999865531921,6.0,muy positivo,,
2030,Movistar,Telecomunicaciones,3,La atencion es un poco lenta falta orden para las atenciones el lugar a veces keda chico especialmente los dias de pago . Se tiene k hacer cola afuera y adentro sugiero k tengan cajas para pago y otras para otras informaciones......,negativo,0.4548999965190887,9.0,negativo,,
802,Entel,Telecomunicaciones,1,Pesimo servicio,negativo,0.4000999927520752,4.0,muy negativo,,
3387,Ripley,Retail,1,"Pesima atención al cliente. Para cambiar una prenda de vestir hay que hacer una fila muy larga donde uno pierde más de una hora. En esa fila solo dan una nota de crédito con la cual hay que ir a otra caja para pagar por la prenda de vestir que uno quiere. Si esta prenda de vestir que era igual a la anterior que se devolvió está a mayor precio, uno tiene que pagar la diferencia. Que pena que esta tienda no sepa como es un buen servicio al cliente a nivel internacional.",muy negativo,0.4700999855995178,4.0,muy negativo,,
748,Claro,Telecomunicaciones,1,Dicen que la tarjeta SIM cuesta 70 soles + la recarga de 10G cuesta 30 soles. Es caro.,negativo,0.4905000030994415,4.0,negativo,,
585,Claro,Telecomunicaciones,4,"La atención de las señoritas muy amable y servicial, pero hay una cola excesiva (hasta fuera del local) y menos de la mitad de las ventanillas están operativas",neutral,0.362199991941452,9.0,negativo,,
1912,Metro,Retail,5,Aprovecho comprar por internet x la app. El servicio es tan bueno como cuando voy al mismo local,neutral,0.4383000135421753,4.0,positivo,,
341,BanBif,Banca,5,"No me pareció tan grave la espera, ya que solo éramos tres personas en la cola. Cuando me atendieron, el cajero resolvió mis requerimientos y además me recomendó una tarjeta de crédito, así que todo salió bien. Creo que las malas opiniones sobre la atención pueden deberse a que no es muy claro a dónde dirigirse al llegar, ya que no sigue la misma metodología que otros bancos. Aquí todo es más directo y sin escalas. Sería bueno que hubiera alguien orientando a los clientes que visitan esta sede por primera vez. Recién estoy empezando a usar BANBIF, así que veremos qué tal la experiencia.",negativo,0.4092999994754791,4.0,positivo,,
3455,Ripley,Retail,4,"Es el cetro comercial bastante completo y agradable para hacer compras, pero la verdad que su tarjeta bebé crédito bsi fue un dolor de cabeza por eso dejé de comprar en el l tienda después de años me animé a entrar",positivo,0.4063999950885772,6.0,negativo,,
998,Entel,Telecomunicaciones,5,Después de haber sido literalmente asaltada por las otras dos empresas grandes decidí pasarme a Entel. Me siento feliz. No me roban. Tienen buena atención y buen servicio. Tampico me atiborran de publicidad y tienen buenos precios. Ojalá se mantengan así.,positivo,0.4569000005722046,15.0,muy positivo,,
79,BBVA,Banca,5,Agencia principal del bbva,neutral,0.4957999885082245,6.0,neutral,,
4243,Tottus,Retail,4,"Ok muy bien no me puedo decir muxo del establecimiento lo único q sus probadores para cerrado ok es protocolo supongo. Es más tengo una sola sugerencia cuando compren pantalones o alguna prenda allí ,sus talla NO SON CONPLETAS osea si tú eres 34 tienes q elegir un 36 siempre una talla más en zapatillas lo mismo ....no se confíen el resto todo bien todo ordenado",neutral,0.3912999927997589,4.0,positivo,,
2468,Movistar,Telecomunicaciones,5,"Me atendieron rápido porque iba a comprar.. Sin embargo, vi una señora que no le resolvían su problema de cobro.. Se demoró algo para que yo escuhara: gracias.. Asi que...",negativo,0.4144000113010406,4.0,neutral,,
608,Claro,Telecomunicaciones,5,"Atencion un poco lenta, muchos clientes reclamando. Pero al menos intenta resolver problemas. La atencion es amable.",neutral,0.4296999871730804,0.0,neutral,,
1574,Interbank,Banca,2,"Tienen 6 ventanillas de atención, solo atienden en 3",neutral,0.4934000074863434,4.0,negativo,,
3084,Plaza Vea,Retail,3,"Es un supermercado bien ubicado y con un buen surtido de productos. Sin embargo su politica de atencion a clientes debe mejorar. Si se guarda la mercaderia comprada ALLI en los casilleros ofrecidos para ayudar al cliente, debe ser posible salir del establecimiento con la llave. Hoy me indicaron que eso no es posible.(¿?)",neutral,0.4269999861717224,4.0,neutral,,
3806,Ripley,Retail,5,"Un centro comercial amplio y variado, que en los últimos años a crecido mucho",positivo,0.4670999944210052,1.0,neutral,,
2579,Oechsle,Retail,5,"Cómo todo el centro comercial Jockey Plaza, moderno y cómodo para las compras y pasar un buen rato viendo la mercancía y las ofertas. Algo que no me pareció muy bien, es que a los precios que exhiben las mercancías, al momento del pago les aumentan el IGV, (18%) por lo que si tú vas pensando el importe que vas a pagar, se descuadra con éste incremento.",neutral,0.4264000058174133,1.0,neutral,,
4249,Tottus,Retail,4,"Hay variedad de productos, protocolos de covid al ingreso al supermercado. No hay aire acondicionado, por lo que dentro se siente bastante calor. En cuanto a precios, han subido un poco en las últimas semanas, por tema político. La zona de taxis está frente a la entrada principal, lo que puede generar un poco de desorden, porque se cruza con las colas para el ingreso.",negativo,0.4050000011920929,23.0,negativo,,
2045,Movistar,Telecomunicaciones,3,Mucha gente ve temprano para que no te duela la cabeza,neutral,0.4268999993801117,9.0,negativo,,
4210,Tottus,Retail,3,"Lo bueno: Encuentras de todo, ambiente agradable y tiene buenos precios. Lo malo: Si vas con auto, ahora cobran estacionamiento. O sea si vas a ver precios o haces compras menores de S/50, tienes que pagar el estacionamiento, por eso prefiero ir a Metro que está al frente.",neutral,0.435699999332428,15.0,negativo,,
3423,Ripley,Retail,4,"Siguen los protocolos, las ofertas por fiestas son aceptables, el personal trata de guardar el orden en las filas y la atención es rápida. Quizás si pudieran implementar algo para autoservicio sería lo ideal, de preferencia que no sea en el teléfono, porque la señal no siempre es buena. Siguen solicitando el carnet para ingresar",neutral,0.4438000023365021,4.0,positivo,,
435,Claro,Telecomunicaciones,3,"Avanzando,se va posicionando.",negativo,0.4047000110149383,6.0,neutral,,
2454,Movistar,Telecomunicaciones,4,"Buena atención pero ponen demasiadas trabas para sacar línea o equipo sobretodo para extranjeros, por eso las Malvinas tiene demanda, si una persona va a un negocio formal no es para delinquir.",neutral,0.3716999888420105,4.0,negativo,,
867,Entel,Telecomunicaciones,5,Buen o,positivo,0.4047000110149383,20.0,positivo,,
1205,Falabella,Retail,4,Tiene buenas marcas. No me dejaron entrar al probador con mi hijo de 12 años,positivo,0.4424999952316284,4.0,neutral,,
1101,Entel,Telecomunicaciones,5,Me atienden pronto y resuelven los problemas en tiempo corto.,positivo,0.4977999925613403,4.0,positivo,,
3245,Plaza Vea,Retail,3,Tengo mala experiencia con el parqueo de carros. No entiendo te dan 30 minutos de parqueo por consumo de 50 soles. Mientras que al pagar sólo en la caja te pasas más de 20 minutos haciendo las largas colas porque sólo hay dos cajas atendiendo. Creó que deberían de reconsiderar y ser más benevolente en cuanto al tiempo que se deja el auto en las cocheras. En lo demás todo limpio y ordenado. Gracias.,negativo,0.3521000146865845,4.0,negativo,,
2434,Movistar,Telecomunicaciones,2,"Es una agencia que cuando el cliente llega, siempre tiene que esperar y hay cola de gente que sale del local. Algunos se van porque se cansaron esperar....una calamidad la atención. No la recomiendo.",negativo,0.4661000072956085,9.0,muy negativo,,
1277,Falabella,Retail,1,"Es un gran almacén , como tantos pero con muy mal servido",neutral,0.4257999956607818,4.0,negativo,,
4155,Tottus,Retail,5,"Buenas medidas de bioseguridad, se puede comprar sin problemas. No me gusto, q el colaborador de la zona de embutidos no quiso cortarme jamón...me dijo q estaba limpiando la cortadora",positivo,0.4158999919891357,4.0,neutral,,
612,Claro,Telecomunicaciones,5,"La única demora que sufre eTe centro de atención es para sacar los tickets para la atención (hay cola) después de ello, la atención por parte del personal es rápida, eficiente y la solución de problemas es buena",positivo,0.4824000000953674,9.0,positivo,,
2098,Movistar,Telecomunicaciones,1,Si buscan un mal servicio y una peor atención al cliente contraten a Movistar. Un ejemplo de cómo no se deben hacer las cosas.,negativo,0.4810999929904938,4.0,muy negativo,,
3268,Plaza Vea,Retail,4,"Lugar amplio, diversidad de productos, tienen un Inkafarma dentro, pero a mí parecer no hay muchas variedad en tipos de tortas. 🎂…",neutral,0.4656000137329101,6.0,neutral,,
4247,Tottus,Retail,4,"Limpio, ordenado y han separado los anaqueles de tal manera que el distaciamiento se hace de forma casi natural.... recomiendo ir día de semana menos afluencia de público.",neutral,0.4905000030994415,10.0,muy positivo,,
3150,Plaza Vea,Retail,5,"Amplio supermercado, no destaca por su atención personalizada pero cumple con lo necesario. Hay de todo. Esta en el nivel sótano, pero tiene fajas y ascensor para facilitar el ingreso. Si vienes en auto, puedes estacionar en el nivel de sótano y tus compras serán más fáciles de llevar.",positivo,0.4043999910354614,6.0,neutral,,
3786,Ripley,Retail,5,Muy lindo lugar para hacer compras,muy positivo,0.4774999916553497,14.0,muy positivo,,
3103,Plaza Vea,Retail,4,Un lugar donde encuentras de todo a un bajo precio,muy positivo,0.4510000050067901,6.0,positivo,,
1139,Falabella,Retail,1,"La tienda es genial y los productos buenos. Pero por favor bajen el volumen, parece discoteca y así no es nada grato comprar, dan ganas de salir corriendo. Lo he comentado en la tienda y dicen que es política de empresa.",neutral,0.4330999851226806,4.0,neutral,,
2688,Oechsle,Retail,4,"Como siempre tiene variedad y buenas ofertas. También bién puedes ingresar por la tienda del costado, es raro pero es posible.",positivo,0.4638999998569488,11.0,positivo,,
3032,Plaza Vea,Retail,5,Todo en orden encontré lo q buscaba,muy positivo,0.4697999954223633,6.0,positivo,,
580,Claro,Telecomunicaciones,4,"La atención es excelente, pero siempre hay como mínimo una hora de espera",positivo,0.4912000000476837,9.0,neutral,,
3590,Ripley,Retail,4,"Tienda que cuenta con varios modelos en las secciones para damas y varones. La sección de damas está en el primer piso y la de varones está está en el segundo donde también se encuentra la sección de electrodomésticos, audio y video, y ropa deportiva. En verano cuenta con un un buen sistema de aire acondicionado que lo hace un ambiente fresco que permite realizar las compras con comodidad.",positivo,0.4347000122070312,6.0,positivo,,
2902,Plaza Vea,Retail,5,Excelente lugar. Ordenado y limpio,muy positivo,0.4803999960422516,22.0,muy positivo,,
3569,Ripley,Retail,4,"Esta es uno de los locales de tiendas por departamentos de Ripley. Es un local inmenso de varios pisos y vende de todo, desde ropa para niños hasta artefactos.",positivo,0.4043000042438507,6.0,neutral,,
4341,Wong,Retail,1,Wong ha sido nuestra extensión del hogar. Está muy bonito. El apoyo y la atención del Nuevo Wong habría que mejorarla mucho. Desde la persona que recibe en la puerta. El nuevo personal debe recibir capacitación.,neutral,0.3497999906539917,6.0,neutral,,
1711,Metro,Retail,3,"El baño es un caos. Hay algunos productos que ya no encuentro y antes si habían. Como en todo metro esa letra pequeña de ""solo con tarjeta bonus"" fastidia al momento de comprar, hay algunos productos que ni lo tienen y te malogran el día cuando ya estas en caja por pagar, deberían ponerlo mas notable.",negativo,0.4997000098228454,4.0,negativo,,
559,Claro,Telecomunicaciones,2,"Se demoran mucho en la atención. Sin embargo, debo reconocer que van mejorando todos los años. Los planes que ofrecen son buenos y tienen buenas soluciones",negativo,0.325300008058548,24.0,neutral,,
1503,Falabella,Retail,4,"Saga esta con buenas ofertas en todo lo navideño con 30 por ciento de des tengo igual q otros artículos, hay buena atención cuando preguntas algo a los empleados del sótano tiene una bonita vajilla q la cambian constantemente en la caja te avisan cuando hay productos q están super rebajados y últimamente regalan unas láminas vistosas por la compra de cualquier producto así sea mínimo estas láminas estaban en meses atraz en 19 soles. Visite ayer 15 de octubre 2024.",muy positivo,0.440200001001358,6.0,muy positivo,,
3831,Scotiabank,Banca,1,Numero de telefono no existe ????? Que tipo de banco son ?????,negativo,0.3946000039577484,4.0,muy negativo,,
1616,Interbank,Banca,5,Solo fui al cajero..veo que hacen cola,neutral,0.4551999866962433,9.0,neutral,,
3872,Scotiabank,Banca,5,Me ayudaron a resolver un problema con una cuenta (ayuda que fue negada en la agencia de República de Panamá). Debe ser la agencia con mejor atención de Scotiabank. Es la excepción frente al decepcionante servicio que suele tener Scotiabank. Una pena siendo un banco grande.,positivo,0.278899997472763,4.0,positivo,,
3428,Ripley,Retail,4,Bonito lugar pero algo confuso si es la primera vez que vas.,positivo,0.4611000120639801,6.0,neutral,,
310,BCP,Banca,1,Quien coloca un cajero con el pad numérico tan expuesto y a 1 metro y medio de la cola donde cualquiera puede ver la clave. Se ve claramente que es más grande que el muro divisorio y la paralela de selección es aún más grande. Da total sensación de vulnerabilidad de datos e inseguridad.,muy negativo,0.4821000099182129,6.0,muy negativo,,
46,BBVA,Banca,3,"El nuevo diseño minimalista, similar al que inicio Interbank, contrasta con la deficiente atencion del personal de estaoficina principal del banco, ni siquiera hay un encargado o responsable ante la ausencia del gerente de oficina por vacaciones, y el problema que reporte sin solucionar, ha demejorado el servicio de este banco.",negativo,0.4695000052452087,4.0,negativo,,
432,Claro,Telecomunicaciones,3,Lo malo esperas por la cola por el covid pero puedes sacar cita por Internet el día la hora y fecha te programan para que vayas y no esperes mucho,negativo,0.4241999983787536,9.0,neutral,,
807,Entel,Telecomunicaciones,1,No hay entel bueno.,negativo,0.4568000137805938,4.0,negativo,,
1182,Falabella,Retail,4,"Tienen un pequeño taller donde puedes personalizar tu ropa con bordados, tachas,etc",neutral,0.4632999897003174,6.0,neutral,,
782,Claro,Telecomunicaciones,3,Me solucionaron mi problema de Internet.,neutral,0.3529999852180481,4.0,positivo,,
3951,Tottus,Retail,4,"Buen sitio para pasarlo en familia 😊, parió de comidas, centro comercial Tottus, Outlet ( remate de prendas de vestir buenazo, para todos los gustos).…",positivo,0.4614999890327453,1.0,muy positivo,,
1983,Movistar,Telecomunicaciones,1,La atencion es pesima.,negativo,0.4614999890327453,0.0,muy negativo,,
226,BCP,Banca,1,"He venido cuatro veces y las cuatro veces he intentado sacar efectivo del cajero automático con mi tarjeta Mastercard y Maestro. Muchos sitios web dicen que este banco no cobra comisión por retiro, pero esta ventaja no aplica si el banco no te permite usar tus tarjetas.",neutral,0.4571000039577484,4.0,negativo,,
3355,Plaza Vea,Retail,5,Es una de las pocas tiendas de esta cadena que tienen un buen servicio y cuentan con aire acondicionado ya que se viene el verano,positivo,0.4796000123023987,20.0,positivo,,
3662,Ripley,Retail,1,"En verano y sin aire acondicionado? Si para los clientes es ya extremadamente incómodo, te imaginas los trabajadores?",muy negativo,0.4431000053882599,6.0,negativo,,
2837,Plaza Vea,Retail,4,Tienn varios productos que no encuentras en otros Plaza Vea además tienen Auto Caja para que tú mismo escanees tus compras y pagues con tu tarjeta Genial!,muy positivo,0.4686999917030334,21.0,muy positivo,,
4773,Wong,Retail,5,"Es la primera tienda de la cadena de supermercados Wong y precisamente ahí fue donde funcionó la antigua bodega de la familia. Esta tienda trata de mantener el diseño hogareño y cálido para asemejarse a esas bodegas de barrio antiguas. La atención prestada es muy buena con personal atento y con buena disposición para la atención. El interior de la tienda es amplio y con una variedad amplia de productos de todos tipo nacionales e importados. Este local cuenta con dos niveles, se puede acceder al segundo piso por escalera mecánica",muy positivo,0.4325999915599823,6.0,muy positivo,,
4314,Tottus,Retail,5,Supermercado ordenado y limpio. La distribución de las góndolas es adecuada para un recorrido de acuerdo a las necesidades. Cada cierto tiempo se colocan ofertas en canastas de metal en los pasillos que resultan muy atractivas. El personal es amable.,positivo,0.4873999953269958,10.0,positivo,,
1239,Falabella,Retail,5,Antes se llegaba rápido ahora en época de fiestas el tráfico es horrible,neutral,0.4939999878406524,6.0,negativo,,
2203,Movistar,Telecomunicaciones,3,"La atención es más rápida pero la solución de tus casos demora, el mío ya va por tres meses sin solución, suspendí mi servicio de internet pero siguen facturando",muy negativo,0.4896000027656555,4.0,muy negativo,,
4040,Tottus,Retail,1,"Zapatillas marca Cherokee, lamentable, solo duraron 3 semanas de uso doméstico, tan lindas y cómodas, la suela no resiste las calles de Surco o de Lima en general, se abrió la suela. Según zapatero, mejor compre otro par y de mejor calidad :(",negativo,0.4788999855518341,6.0,muy negativo,,
3578,Ripley,Retail,4,"Surtido en ropa, juguetes, electrodomésticos, hogar, etc",neutral,0.4147000014781952,6.0,neutral,,
4227,Tottus,Retail,4,"Un supermercado muy amplio y con una gran variedad de productos y en muchos casos con buenos precios. Lo único que deberían es mejorar las atenciones en las cajas, pocas cajas para la atención originando aglomeración y disgusto por las largas esperas. A mí en lo personal se demoraron tanto que deje los productos y me retire teniendo en cuenta que solo me faltaba 4 personas para que me atiendan. Sería bueno que en las horas punta coloquen más cajas para la atención.",negativo,0.3817999958992004,23.0,negativo,,
2472,Movistar,Telecomunicaciones,5,"Demoró el ingreso pero todo muy ordenado y una vez que me atendió el ejecutivo fue muy rápida la gestión . Oficina Plaza San Miguel, atienden hasta las 8 p.m",neutral,0.4458000063896179,8.0,positivo,,
952,Entel,Telecomunicaciones,4,Tienda principal de la marca. Está ubicada en la zona financiera de Lima. Es de fácil acceso pero en hora punta se complica el acceso debido al tráfico. Puedes encontrar todos los modelos y planes que busques. Hay asesores para las principales marcas de teléfonos. Puedes pagar con tarjeta.,neutral,0.3461999893188476,6.0,neutral,,
1762,Metro,Retail,5,Fui de noche poca variedad de ropa,neutral,0.3919000029563904,23.0,negativo,,
1481,Falabella,Retail,4,Bastantes cosas en rebaja pero como los precios en general han subido como que no se siente mucho los descuentos. Encontré algo lindo aunque caro.,positivo,0.4133000075817108,6.0,neutral,,
4150,Tottus,Retail,5,"Cenrro comercial especializado en productos para el hogar, con variedad para adquirir productos para la alimentacion, asi como para el aseo, limpieza, ropa y calzado para uso en casa de buena calidad y bajo costo. Se ubica al interior de Jockey Plaza y cuenta con un amplio local, muy bien ventilado, limpio, seguro y muy buena atencion al público.",muy positivo,0.4745999872684479,6.0,muy positivo,,
1783,Metro,Retail,5,"Hipermercado muy completo, variedad y buenos precios, existe un KFC en el 2do nivel, así como un cine adjunto, lugar poco concurrido, también existe un almacén de ropa barata. Todo muy ordenado limpio y seguro",positivo,0.4738000035285949,10.0,muy positivo,,
3427,Ripley,Retail,4,"Buen lugar para comprar, pero deberían ofrecer tarjeta de puntos a cualquier persona que lo solicite con su DNI o Carnet de extranjería y así darse cuenta que tanto consume un cliente por la cantidad de puntos acumulados e incentivar al cliente con un crédito de bien venida, sin trabas y tanto papeleo, para que siga comprando sus productos o hacer canjes de puntos por productos. Es mi humilde opinión en marketing.",neutral,0.4314000010490417,6.0,positivo,,
1320,Falabella,Retail,4,"Hay una gran variedad de productos, pero es un poco complicado encontrar tallas ya que en las oportunidades que e ido siempre he encontrado desordenado, así que hay que estar buscando. Yo recomiendo comprar por Internet o al menos ver el stock de tallas que se encuentra en ese establecimiento.",neutral,0.4643999934196472,23.0,negativo,,
3087,Plaza Vea,Retail,3,Supermercado seguro tranquilo limpio y con buenos precios,muy positivo,0.4959000051021576,15.0,positivo,,
1701,Metro,Retail,3,Cómo en todos los lugares donde eh almorzado en lima siempre ponen música fuerte tanto q apenas puedes hablar con la persona q vas. No eh encontrado lugar donde pongan música suave pasifica o clásica etc. Algo como para relajarte.,neutral,0.4185999929904938,6.0,negativo,,
2684,Oechsle,Retail,4,"Una tienda grande, venden ropa, muebles, calzado, correas, carteras, tvs, tablets, celulares, maquinas para ejercitarse, hay estacionamiento, se encuentra dentro de Plaza Norte en los Olivos, ideal para ir en familia, para relajarse, para ingresar piden carnet de Vacunación, y doble mascarilla, cuídense gente, y diviertanse.",positivo,0.4296000003814697,6.0,muy positivo,,
1327,Falabella,Retail,4,"Tienen muchas opciones en compra de ropa. El tema de las cajas si es un poco demorado ya que no hay suficiente personal. Estan tratandonde incorporar elnpago autoservicio, pero no es muy frecuente",negativo,0.4672000110149383,4.0,negativo,,
1547,Falabella,Retail,5,La tienda por departamentos más completa en San Isidro y cuenta con estacionamiento suficientes,positivo,0.4226000010967254,6.0,positivo,,
2236,Movistar,Telecomunicaciones,1,"Está empresa pone demasiadas trabas para gestionar reclamos, hace hasta lo último para evitar ingresar un reclamo o apelación. Tener en cuenta que los servicios que ofrecen NO son de calidad y ocultan información primordial al brindarlos, como SUELE SUCEDER CON EL INTERNET, ofrecen cambias de velocidad alta y NO realizan preguntas sobre el modem, se debe tener en cuenta que para velocidades altas (más de 60 mb/s) se requiere un modem doble banda para poder recibir la mayor cantidad de velocidad posible que ofrece el servicio, sin un modem de banda ancha no se asegura que el servicio pueda ser más del 60% asegurado de velocidad que ofrecen, algo que para los que poco conocen no se dan cuenta y aprovechan de ello.",muy negativo,0.4864000082015991,4.0,muy negativo,,
2847,Plaza Vea,Retail,4,"Buen lugar para comprar los días de semana . Los fines de semana para abarrotado de clientes y la compra no es agradable. Sin embargo, maneja buena gama de productos desde artículos de primera necesidad, hasta electrodomésticos.",positivo,0.4830000102519989,6.0,neutral,,
1814,Metro,Retail,5,"Es genial porque tiene juegos, mesita, pump it up, ddr , y varios juegos para niños. Tiene un cine económico, sobre todo los martes. Aparte el metro que vende de todo y hasta ropa. En el segundo piso hay otras tiendas tipo oulet y un KFC.",neutral,0.4110000133514404,6.0,muy positivo,,
3021,Plaza Vea,Retail,5,Hay casi de todo!😀😀😀…,muy positivo,0.3797000050544739,6.0,muy positivo,,
3643,Ripley,Retail,5,Estoy en Replay de San Isidro me gusta este lugar porque encuentro muebles que me encuentro en otros replays de la Ciudad de Lima Porque la veo más surtida y porque es más cómodo para poder llegar más rápido de distintas partes de Lima,positivo,0.4657000005245209,6.0,positivo,,
3262,Plaza Vea,Retail,4,Algunos productos no tienen códigos lo que impide su compra.,negativo,0.4595000147819519,4.0,negativo,,
446,Claro,Telecomunicaciones,4,"Atención rápida , no hay mucha gente",positivo,0.4900000095367431,5.0,positivo,,
62,BBVA,Banca,4,Muy buena,muy positivo,0.481900006532669,3.0,muy positivo,,
3675,Ripley,Retail,3,"Hoy me sorprendí de la tacañeria de un grande como Ripley. Fui temprano a esta tienda para comprar un par de cositas para correr y vi como se estaba armando un carrito clásico de pop corn (canchita). Dije buenazo, que bacan van a regalar canchita. Al terminar mis compras vi que una colita se había formado para recibir la canchita entre ellos varios niños. Sin embargo, grande fue mi asombro cuando varios se iban con las manos vacías porque si no mostrabas un voucher de compra mayor a los 109 soles no te daban nada. Uhmmmmmm, hazle entender eso a una criatura. Ripley que paso?",negativo,0.4803999960422516,4.0,negativo,,
414,Claro,Telecomunicaciones,2,La atención es lenta Tienen implemetadas las medidas de seguridad necesarias pero si al costado tienen otro local deberian implementarlo para toda atención y no solo como punto de venta para no tener que demorar tanto La atención del personal buena Deberían tener más variedades de marcas y modelos para venta,negativo,0.4731999933719635,4.0,neutral,,
4542,Wong,Retail,4,"Se puede pasear, cenar y andar tranquilo.",positivo,0.4841000139713287,6.0,muy positivo,,
4575,Wong,Retail,5,"Es un mercado super completo.... precios variados así como marcas variadas... voy particularmente por el área de cafetin, q siempre venden helados dulce pasión, y tienen ofertas a veces de 2x1. El sabor de estos helados es exquisito, mis sabores q recomiendo es el brownie, pie de limón, coco, tres leches. Son como si te comieses el dulce pero en versión helado..",muy positivo,0.4738999903202057,6.0,muy positivo,,
1828,Metro,Retail,1,Buena lo único ques pediría es que por favor me den una tarjeta de metro,negativo,0.4614000022411346,6.0,positivo,,
1565,Falabella,Retail,5,"Lugar tranquilo,encuentras productos que a veces no hay en otros SAGA...nada de cola al pagar..👍👍👍👍…",positivo,0.4781999886035919,9.0,muy positivo,,
1446,Falabella,Retail,1,"Me robaron la mochila y de tantos trabajadores ninguno vio nada y demoraron en ayudarme con más imágenes de la camara, u.u",muy negativo,0.4771000146865845,4.0,muy negativo,,
2893,Plaza Vea,Retail,5,"Variado, accesible, con ofertas!!!",positivo,0.4544999897480011,11.0,muy positivo,,
1467,Falabella,Retail,4,"Bueno y surtido. Mas decente que los demas Saga. Ahora hay muy pocos vendedores y todos conversando entre ellos. Muchos productos chinos de mala calidad, ropa de 1$ que la venden a $20. Demasiado sobreprecio.",muy negativo,0.448199987411499,6.0,negativo,,
1044,Entel,Telecomunicaciones,1,Buen local pero mala y demasiada demora 3n la atenvion,neutral,0.3589999973773956,20.0,negativo,,
777,Claro,Telecomunicaciones,2,Nada malo como todo operado,positivo,0.4226000010967254,4.0,positivo,,
